"","year","state_code","accommodation_and_food_services_and_arts_entertainment_and_recreation","construction","education","finance_insurance_and_real_estate","health_care_social_assistance","information","manufacturing","other_services","professional_scientific_management_and_administrative_services","public_administration","retail","transportation_warehousing_utilities_natural_resources","wholesale_trade","other"
"1",2005,1,225,0,155,301,61,0,82,238,398,0,100,0,0,0
"2",2005,2,0,88,0,0,0,0,0,0,0,0,0,0,0,0
"3",2005,4,0,0,183,62,282,0,81,0,210,70,243,0,0,0
"4",2005,5,0,0,98,0,156,0,491,0,0,0,0,0,0,0
"5",2005,6,2506,880,1590,1186,1796,917,944,2396,1657,738,1109,1523,218,130
"6",2005,8,301,0,0,263,83,0,0,146,228,0,155,79,0,0
"7",2005,9,735,4261,138,200,267,178,1063,1806,2946,0,787,0,0,0
"8",2005,10,0,0,0,0,104,0,110,0,82,0,0,0,0,0
"9",2005,11,0,0,0,92,0,0,0,0,148,115,0,0,0,0
"10",2005,12,4678,5461,2201,3883,2055,982,2317,5579,6021,566,5002,2000,2191,406
"11",2005,13,377,2741,602,774,310,235,851,1778,1542,192,816,143,0,0
"12",2005,15,153,73,0,28,0,0,79,26,0,0,196,68,0,0
"13",2005,16,0,0,0,0,0,0,0,0,0,0,0,0,0,0
"14",2005,17,0,0,434,429,805,0,82,466,0,224,172,239,0,0
"15",2005,18,267,0,83,228,0,0,198,0,33,0,95,0,0,0
"16",2005,19,0,0,0,0,123,0,99,0,99,0,0,0,0,0
"17",2005,20,0,0,0,0,105,28,0,125,75,0,0,120,0,0
"18",2005,21,0,0,63,0,0,0,0,0,0,0,0,0,0,0
"19",2005,22,55,0,0,0,0,0,0,0,0,211,0,86,0,0
"20",2005,23,1170,454,0,0,0,0,0,0,393,0,0,0,0,0
"21",2005,24,299,638,695,420,135,146,0,763,858,663,626,116,122,0
"22",2005,25,16818,10934,2704,1844,7174,1018,6466,7438,11442,188,5822,2105,2152,608
"23",2005,26,172,0,372,183,0,0,534,0,333,0,180,0,82,0
"24",2005,27,0,0,0,126,0,0,230,165,153,0,0,0,0,0
"25",2005,28,0,0,61,0,0,0,0,0,75,0,0,0,0,0
"26",2005,29,82,205,65,0,96,0,0,236,0,0,152,0,0,0
"27",2005,30,0,0,0,0,0,0,146,0,0,0,0,0,0,0
"28",2005,32,261,0,0,0,249,0,0,128,201,101,0,0,0,0
"29",2005,33,1458,0,142,0,88,0,243,0,620,0,0,0,0,0
"30",2005,34,2657,9686,794,1030,813,138,1395,3449,2725,296,1747,851,527,325
"31",2005,35,0,0,95,0,0,0,0,0,0,0,0,0,0,0
"32",2005,36,2738,4051,1423,1741,1445,307,351,3117,1763,435,945,1232,391,142
"33",2005,37,129,245,91,0,0,0,685,0,151,0,81,0,0,0
"34",2005,39,76,195,257,110,407,0,351,187,393,0,83,100,212,0
"35",2005,40,1078,0,83,1122,0,0,0,0,0,0,0,0,0,0
"36",2005,41,0,100,120,0,0,0,0,80,0,106,165,0,0,0
"37",2005,42,101,1222,736,0,91,133,44,697,1392,0,298,524,0,0
"38",2005,44,330,88,104,0,145,0,71,0,220,0,110,75,0,0
"39",2005,45,126,797,64,0,0,0,0,215,428,0,223,0,0,0
"40",2005,47,0,0,753,0,0,0,0,0,179,0,423,0,0,0
"41",2005,48,659,0,850,938,169,146,255,370,1116,72,362,773,205,0
"42",2005,49,254,0,225,0,174,187,413,246,233,0,427,113,0,0
"43",2005,51,489,1364,270,370,286,93,0,768,307,220,139,104,0,0
"44",2005,53,272,0,167,0,351,72,0,79,897,98,72,0,0,0
"45",2005,55,0,0,0,0,0,0,41,0,162,0,144,0,0,0
"46",2006,1,0,0,45,0,25,0,348,0,0,0,28,0,0,0
"47",2006,4,123,0,59,65,182,0,244,0,160,0,0,0,0,0
"48",2006,5,0,0,0,0,0,0,139,0,0,0,0,0,0,0
"49",2006,6,3804,724,1914,2677,2121,993,2059,2657,4035,384,1853,2458,420,0
"50",2006,8,244,0,218,104,0,0,280,168,0,87,0,0,0,0
"51",2006,9,2752,4855,288,461,1047,159,335,2213,2060,119,951,0,80,48
"52",2006,10,0,150,0,248,0,0,0,0,144,0,0,70,0,0
"53",2006,11,68,0,0,0,0,0,0,0,233,89,0,0,0,0
"54",2006,12,4168,10669,2884,5454,2293,1378,2480,6124,6183,442,5769,2325,2916,295
"55",2006,13,1059,3286,498,446,469,89,633,839,1670,441,552,355,286,0
"56",2006,15,112,0,22,0,185,0,0,0,169,0,0,0,0,0
"57",2006,16,0,0,70,0,0,0,0,0,0,0,0,0,0,0
"58",2006,17,604,263,552,223,487,0,200,84,318,0,314,244,284,118
"59",2006,18,69,0,106,0,0,0,683,0,92,0,85,21,0,0
"60",2006,19,117,0,270,116,0,717,0,0,379,0,110,0,0,0
"61",2006,20,0,0,103,63,0,0,0,0,0,0,163,0,0,0
"62",2006,21,121,0,0,0,0,80,77,0,107,0,0,0,0,0
"63",2006,22,0,16,0,0,0,0,0,93,0,0,62,0,0,0
"64",2006,23,0,0,0,0,0,0,0,0,242,0,0,0,0,0
"65",2006,24,212,795,272,343,427,224,0,1485,457,334,192,0,103,0
"66",2006,25,16977,13949,1330,2751,2508,389,4858,7802,7873,322,4776,1722,76,0
"67",2006,26,0,0,0,0,255,0,487,312,391,0,305,0,161,235
"68",2006,27,77,70,426,99,135,0,106,0,391,0,66,0,0,0
"69",2006,28,0,0,0,0,0,0,0,0,0,0,17,0,0,0
"70",2006,29,92,0,0,0,0,0,0,89,129,0,122,0,0,0
"71",2006,30,0,0,0,0,0,0,248,0,0,0,0,0,0,0
"72",2006,31,174,0,0,0,0,0,101,0,0,0,0,0,0,0
"73",2006,32,128,125,127,0,59,0,0,0,58,0,74,62,68,0
"74",2006,33,743,0,59,0,0,0,360,0,323,0,593,0,0,0
"75",2006,34,2712,9826,852,1074,1744,784,1883,5480,3769,718,2050,1361,397,292
"76",2006,35,0,264,0,0,0,0,0,243,0,0,0,0,0,0
"77",2006,36,2903,2178,636,1639,1096,488,1169,3355,1540,618,1174,232,570,111
"78",2006,37,317,222,384,62,342,0,486,142,209,43,160,180,0,0
"79",2006,39,95,0,380,113,114,0,402,0,207,0,0,170,0,0
"80",2006,40,0,0,162,0,0,0,0,0,186,0,0,0,0,0
"81",2006,41,162,0,0,0,152,0,351,302,265,0,83,0,0,0
"82",2006,42,1078,569,84,137,182,0,179,1025,196,0,695,0,0,0
"83",2006,44,526,709,0,0,159,0,127,0,579,0,186,59,62,0
"84",2006,45,376,0,166,50,60,0,216,301,92,0,93,149,132,0
"85",2006,46,0,0,0,0,0,0,0,0,0,0,0,48,0,0
"86",2006,47,128,0,48,0,0,0,203,0,252,0,0,0,0,0
"87",2006,48,479,334,1035,268,1581,444,506,1156,306,185,203,831,129,275
"88",2006,49,387,0,0,135,285,0,505,461,463,0,148,153,48,0
"89",2006,50,0,0,0,0,0,0,0,0,0,0,0,0,0,0
"90",2006,51,987,573,231,816,130,406,109,938,524,148,279,896,0,0
"91",2006,53,0,0,257,0,0,161,0,0,790,0,427,0,0,0
"92",2006,54,123,0,0,0,0,0,0,65,91,0,0,0,0,0
"93",2006,55,118,0,19,0,133,0,0,0,0,0,116,0,0,0
"94",2007,1,0,0,0,298,0,0,0,0,0,66,15,0,0,0
"95",2007,2,0,0,0,0,0,0,0,0,0,0,0,35,0,0
"96",2007,4,0,0,56,159,0,63,249,224,147,0,122,52,0,0
"97",2007,5,0,0,0,0,0,0,0,0,0,0,0,0,57,0
"98",2007,6,3091,1590,2332,1298,1600,2265,1463,2640,2753,384,3911,1782,1027,0
"99",2007,8,264,0,57,0,49,76,0,0,168,0,104,207,56,0
"100",2007,9,2002,4021,458,246,367,157,760,2529,2279,0,757,690,339,0
"101",2007,10,0,209,0,0,0,0,0,0,119,0,0,117,0,0
"102",2007,11,77,0,86,0,140,130,0,153,168,86,58,151,0,0
"103",2007,12,5568,15887,1814,4763,3460,956,3523,8257,7935,249,5042,2573,2179,255
"104",2007,13,591,2210,231,266,716,144,1171,2437,1371,349,875,135,170,0
"105",2007,15,0,142,0,106,0,0,132,0,0,0,0,0,45,0
"106",2007,16,0,0,0,0,243,0,0,0,0,0,0,0,0,0
"107",2007,17,0,515,459,91,621,74,380,442,418,0,201,0,0,0
"108",2007,18,0,246,292,0,265,0,53,0,475,0,0,89,0,0
"109",2007,19,0,0,0,0,0,0,0,0,0,0,0,0,0,0
"110",2007,20,0,0,238,0,0,0,0,124,0,0,0,0,0,0
"111",2007,21,0,0,115,69,321,0,0,0,0,106,0,375,0,0
"112",2007,22,0,2908,46,0,84,0,0,32,91,0,0,0,199,0
"113",2007,23,139,0,0,0,0,0,0,0,0,0,0,0,0,0
"114",2007,24,60,1583,96,332,153,215,109,723,861,156,56,0,0,65
"115",2007,25,13711,12503,1509,969,2282,594,3842,6728,10694,239,2706,1195,950,0
"116",2007,26,191,0,271,0,92,0,399,687,151,0,86,0,0,0
"117",2007,27,301,0,398,119,0,0,240,0,0,0,419,0,0,0
"118",2007,28,0,0,0,0,0,0,395,0,0,0,0,0,0,0
"119",2007,29,426,0,130,0,0,0,110,0,166,0,114,0,0,0
"120",2007,30,0,0,0,0,0,0,0,0,0,0,0,0,0,0
"121",2007,31,0,0,115,0,0,0,0,0,0,0,119,0,0,0
"122",2007,32,478,346,105,436,64,0,112,537,90,0,0,58,0,0
"123",2007,33,116,103,0,0,518,0,582,0,83,0,0,0,0,0
"124",2007,34,2379,10820,252,1317,685,0,1253,4297,4483,144,2187,1489,639,71
"125",2007,35,74,0,0,0,76,0,0,0,0,0,0,0,0,0
"126",2007,36,2015,2897,619,800,2492,395,1417,4785,2779,144,180,659,85,416
"127",2007,37,68,370,491,153,293,0,0,121,251,0,254,102,78,0
"128",2007,38,0,0,0,0,0,0,0,0,0,0,69,0,0,0
"129",2007,39,196,0,0,85,155,0,240,0,377,0,237,0,0,0
"130",2007,40,100,0,117,0,0,0,124,35,0,114,0,0,0,0
"131",2007,41,79,227,180,0,49,0,105,0,220,0,80,0,64,0
"132",2007,42,136,1587,341,0,91,0,468,1618,0,0,1703,254,0,0
"133",2007,44,231,181,235,0,0,0,0,0,194,0,143,0,60,0
"134",2007,45,307,256,419,0,61,0,50,75,0,0,97,58,0,0
"135",2007,47,0,0,0,0,0,0,145,68,0,0,159,54,0,0
"136",2007,48,1078,244,1029,67,927,73,403,559,972,0,197,772,669,228
"137",2007,49,274,0,96,0,171,0,540,95,776,0,96,148,0,0
"138",2007,51,324,443,256,296,144,0,69,606,422,510,0,0,0,0
"139",2007,53,0,0,88,80,281,195,269,109,136,59,81,0,0,0
"140",2007,54,0,0,0,0,0,95,0,0,0,0,0,72,0,0
"141",2007,55,97,0,116,0,68,0,0,0,0,0,0,0,0,0
"142",2007,56,0,0,0,0,0,0,0,0,0,0,0,55,0,0
"143",2008,1,0,0,82,0,0,0,0,0,94,0,0,0,0,0
"144",2008,2,0,0,138,0,0,0,0,0,0,0,0,0,0,0
"145",2008,4,60,61,404,0,0,0,242,0,173,59,58,0,0,0
"146",2008,5,136,0,72,0,0,95,0,0,0,0,83,0,0,0
"147",2008,6,2662,1218,1690,1091,2478,932,1718,4766,2100,824,1421,886,485,244
"148",2008,8,142,0,220,0,317,235,0,0,219,133,0,63,0,0
"149",2008,9,69,2678,221,676,741,0,612,1703,2405,73,1699,898,104,0
"150",2008,11,0,0,0,70,0,0,0,0,312,0,93,0,0,0
"151",2008,12,5368,9495,2038,3881,3203,320,2004,5861,9898,868,4772,2822,1754,155
"152",2008,13,130,1147,948,709,313,191,797,1026,2740,694,753,0,231,72
"153",2008,15,110,318,0,91,27,80,0,50,0,0,52,0,0,0
"154",2008,16,0,0,0,0,0,0,0,0,0,0,0,0,0,199
"155",2008,17,673,98,280,314,933,292,905,120,206,231,622,247,0,96
"156",2008,18,0,0,1103,0,93,169,0,0,0,0,0,0,0,0
"157",2008,19,0,0,143,0,291,0,92,0,0,0,0,0,0,0
"158",2008,20,0,0,0,0,0,0,0,0,0,0,63,0,0,0
"159",2008,21,0,0,136,415,0,0,0,161,0,0,0,0,0,0
"160",2008,22,100,513,182,0,140,0,0,0,135,376,132,228,223,0
"161",2008,23,0,0,52,0,0,0,0,0,92,0,0,0,0,0
"162",2008,24,161,159,475,23,562,0,0,532,819,634,46,152,0,0
"163",2008,25,16483,10249,1823,1369,2984,266,3481,6140,9554,470,4446,1587,292,53
"164",2008,26,0,376,97,0,178,0,102,68,251,0,113,0,95,0
"165",2008,27,0,0,0,0,111,0,0,56,272,0,754,0,0,0
"166",2008,28,0,0,0,0,0,0,0,0,0,0,0,0,0,0
"167",2008,29,0,0,107,0,645,0,199,0,115,0,0,0,0,0
"168",2008,30,0,693,0,0,0,0,0,0,0,0,0,0,0,0
"169",2008,32,232,414,140,90,0,0,62,0,188,58,373,0,0,0
"170",2008,33,1783,0,121,59,0,0,0,0,708,0,422,0,0,0
"171",2008,34,1953,6456,553,1567,1091,424,1765,4928,2889,251,1467,786,472,156
"172",2008,35,0,0,110,0,0,0,0,0,370,0,0,0,0,0
"173",2008,36,1900,2566,864,1344,2203,304,631,5334,4012,510,2353,272,199,0
"174",2008,37,260,811,480,243,342,243,87,55,1030,250,100,109,0,0
"175",2008,39,94,0,265,0,390,126,0,183,1326,202,0,95,165,0
"176",2008,40,0,0,279,0,312,0,0,0,83,0,110,0,0,0
"177",2008,41,0,0,316,78,187,0,181,0,540,0,115,0,0,0
"178",2008,42,443,1906,486,484,204,0,647,264,782,0,299,0,0,0
"179",2008,44,0,0,65,0,73,0,642,0,256,0,0,0,96,0
"180",2008,45,306,1022,0,0,209,88,158,175,381,51,50,0,238,0
"181",2008,46,0,0,20,0,0,0,132,0,0,0,0,0,0,0
"182",2008,47,0,119,102,193,0,0,334,84,0,0,584,110,52,0
"183",2008,48,1519,231,471,718,475,273,276,495,391,667,1380,1059,69,149
"184",2008,49,117,0,355,573,574,0,270,60,963,0,298,187,0,0
"185",2008,50,0,0,0,0,0,0,0,0,193,0,0,40,0,0
"186",2008,51,332,0,536,0,459,92,0,350,330,63,290,0,333,0
"187",2008,53,0,144,110,160,326,77,109,462,1063,0,394,0,0,0
"188",2008,55,36,0,178,210,198,0,192,0,119,0,0,0,0,0
"189",2009,1,0,0,148,0,0,0,0,58,0,0,150,0,0,0
"190",2009,2,0,48,0,0,0,0,0,0,0,88,0,48,0,0
"191",2009,4,0,0,183,61,70,86,0,82,246,0,0,83,0,0
"192",2009,5,0,0,99,0,0,0,0,0,0,0,0,0,0,0
"193",2009,6,2831,629,1920,1466,1755,1056,2150,2753,3211,340,1196,425,732,489
"194",2009,8,734,318,0,304,0,82,184,143,426,0,69,0,0,0
"195",2009,9,475,2923,383,394,460,22,1342,2339,2733,221,452,572,191,99
"196",2009,11,0,0,0,249,0,0,0,97,0,416,0,0,0,0
"197",2009,12,7165,8831,2250,5073,4658,895,2891,5019,9682,758,5475,3031,2342,553
"198",2009,13,0,1679,146,743,569,163,695,2037,1775,468,404,1801,132,0
"199",2009,15,267,82,102,0,142,0,213,157,0,0,0,0,0,0
"200",2009,16,0,0,0,0,0,0,112,0,0,0,98,0,0,0
"201",2009,17,115,82,217,0,632,0,187,192,218,0,826,255,65,92
"202",2009,18,0,0,210,0,213,0,0,128,134,0,262,156,0,0
"203",2009,19,0,0,0,0,0,0,115,0,234,0,0,0,0,0
"204",2009,20,0,0,131,0,230,0,0,94,156,0,350,0,0,0
"205",2009,21,562,0,229,0,0,0,0,111,23,0,108,0,0,0
"206",2009,22,0,1895,206,0,116,0,0,465,236,0,0,0,0,0
"207",2009,23,98,0,0,0,0,0,0,0,130,0,0,0,0,0
"208",2009,24,333,1412,566,568,64,86,84,1781,809,653,580,0,0,0
"209",2009,25,10336,8616,1710,1280,3024,430,5216,11068,14007,257,3106,927,1363,171
"210",2009,26,0,0,514,448,0,0,276,22,154,0,199,0,97,0
"211",2009,27,157,143,117,0,498,123,118,0,514,0,278,0,0,0
"212",2009,28,45,0,0,0,0,0,0,0,0,0,0,0,0,0
"213",2009,29,280,0,474,100,131,0,43,0,0,0,77,0,0,0
"214",2009,30,0,0,0,0,50,0,0,0,0,0,0,0,0,0
"215",2009,31,0,0,0,0,29,65,0,53,496,149,60,0,0,0
"216",2009,32,345,61,56,257,0,0,0,205,122,0,70,81,0,41
"217",2009,33,1373,348,92,0,81,0,218,372,1561,0,114,0,0,0
"218",2009,34,785,6170,332,599,1509,960,1514,7933,3018,86,2512,2035,1218,178
"219",2009,35,0,0,321,0,0,0,0,0,0,0,0,0,0,0
"220",2009,36,2031,2147,1718,1583,1476,243,1184,3879,1864,158,3353,966,240,0
"221",2009,37,266,378,356,0,658,62,91,211,1686,66,75,0,0,0
"222",2009,39,215,0,270,0,80,85,286,0,699,0,0,211,0,0
"223",2009,40,0,0,85,0,0,0,0,0,0,0,86,0,0,0
"224",2009,41,0,0,0,0,79,0,296,92,0,98,0,0,103,0
"225",2009,42,430,1677,227,73,190,63,698,1571,1415,0,62,79,57,903
"226",2009,44,233,66,164,0,0,0,0,74,0,0,116,0,0,0
"227",2009,45,53,780,0,0,23,0,699,0,0,90,407,0,0,0
"228",2009,46,0,0,49,0,0,0,0,0,0,0,0,0,0,0
"229",2009,47,72,0,180,0,0,97,100,0,0,0,186,0,0,0
"230",2009,48,1912,195,1279,379,1712,242,1218,1222,2500,101,1372,404,256,0
"231",2009,49,373,0,60,79,594,0,253,85,85,0,243,88,0,0
"232",2009,50,42,0,0,0,0,0,0,0,0,0,0,0,0,0
"233",2009,51,99,784,660,81,389,137,238,520,1206,318,64,203,106,0
"234",2009,53,0,486,293,0,0,476,700,446,590,0,181,0,0,212
"235",2009,54,135,0,0,0,0,0,0,0,145,0,0,0,0,0
"236",2009,55,297,0,50,0,0,0,0,0,0,0,118,0,0,0
"237",2010,1,283,365,206,296,0,65,0,284,426,0,0,91,0,0
"238",2010,2,0,0,0,0,0,0,0,0,99,0,0,0,0,0
"239",2010,4,72,0,131,192,359,86,141,55,48,74,95,0,75,79
"240",2010,5,0,0,182,0,0,0,112,0,234,0,0,0,0,0
"241",2010,6,4374,300,2168,1730,3188,673,1004,2078,3566,666,2653,1561,416,183
"242",2010,8,159,62,82,71,0,0,475,78,155,0,142,161,0,0
"243",2010,9,1366,3274,565,487,701,0,2330,2201,3133,236,557,75,244,409
"244",2010,10,0,0,96,70,260,0,0,111,0,0,0,73,0,0
"245",2010,11,69,0,0,0,0,0,0,225,208,111,0,81,0,0
"246",2010,12,7514,9316,2472,3509,3707,643,2496,6758,9629,710,2715,1851,1834,357
"247",2010,13,479,2150,241,425,266,0,490,1696,2169,179,146,80,314,69
"248",2010,15,703,37,0,147,0,0,82,0,0,0,47,0,0,0
"249",2010,16,0,0,0,0,0,91,227,0,50,0,0,0,0,0
"250",2010,17,106,0,334,0,705,96,796,71,379,0,405,61,261,97
"251",2010,18,0,0,97,0,108,0,0,0,109,0,80,0,0,0
"252",2010,19,0,0,0,0,0,0,0,0,278,0,101,0,0,0
"253",2010,20,0,141,0,0,0,0,0,123,0,224,0,0,0,0
"254",2010,21,0,0,69,0,71,0,206,0,485,0,0,0,0,0
"255",2010,22,696,430,481,0,0,0,0,0,253,0,0,0,121,230
"256",2010,23,84,0,0,0,405,0,139,0,0,0,0,0,0,0
"257",2010,24,418,507,679,275,838,0,0,875,676,1166,0,0,81,61
"258",2010,25,11243,12158,1783,1601,4674,301,3613,10288,12701,582,3963,869,952,264
"259",2010,26,300,0,514,107,133,115,422,0,510,57,934,0,0,0
"260",2010,27,224,0,276,114,296,0,40,111,451,0,0,135,0,0
"261",2010,28,0,0,0,129,0,0,0,0,0,0,0,0,0,0
"262",2010,29,66,0,0,0,395,170,337,0,124,85,0,0,72,0
"263",2010,30,0,0,0,0,266,0,0,0,0,0,0,0,0,0
"264",2010,31,0,0,107,0,0,0,0,0,0,0,0,0,0,0
"265",2010,32,0,0,191,0,0,0,0,242,322,0,154,0,0,0
"266",2010,33,313,52,0,0,0,0,190,0,0,0,0,0,0,0
"267",2010,34,2012,5735,690,733,1583,356,1240,4408,4608,384,2108,966,827,798
"268",2010,35,198,0,170,72,0,0,0,68,0,58,0,0,0,0
"269",2010,36,2875,2235,1164,2502,1798,434,659,2125,1914,243,912,382,472,172
"270",2010,37,72,554,589,0,94,0,178,614,696,0,77,54,0,0
"271",2010,39,102,38,0,72,204,86,127,65,0,185,444,0,0,0
"272",2010,40,0,0,0,71,81,0,75,116,127,0,0,0,0,0
"273",2010,41,83,0,0,0,0,0,91,0,0,106,0,0,0,0
"274",2010,42,191,1049,78,146,317,114,1006,850,1625,0,203,52,98,168
"275",2010,44,0,79,343,0,156,0,134,262,235,0,66,0,0,0
"276",2010,45,297,727,88,0,123,66,0,74,263,0,331,0,86,176
"277",2010,47,0,0,169,63,169,0,0,312,89,0,0,89,0,0
"278",2010,48,1875,94,1107,405,801,214,769,1050,1828,148,1156,671,0,432
"279",2010,49,723,480,357,230,231,59,578,282,291,0,124,66,0,0
"280",2010,50,0,0,0,0,0,0,0,0,196,84,0,0,0,0
"281",2010,51,444,0,262,96,141,239,0,89,430,550,163,143,103,0
"282",2010,53,298,0,160,0,174,36,573,221,540,0,256,279,0,0
"283",2010,54,0,0,0,0,0,0,0,0,0,0,0,0,0,0
"284",2010,55,176,144,363,260,109,0,0,0,315,24,0,0,0,0
"285",2011,1,448,0,126,0,375,0,229,337,0,0,14,0,0,0
"286",2011,4,0,0,98,0,500,0,125,0,0,50,78,0,0,0
"287",2011,5,21,0,46,0,0,0,0,0,0,144,78,0,0,0
"288",2011,6,2716,444,1882,0,3705,479,1407,2316,0,627,2225,0,838,55
"289",2011,8,171,0,268,0,277,85,57,0,0,245,94,0,0,0
"290",2011,9,408,2033,565,0,443,156,509,1829,0,33,685,0,0,0
"291",2011,10,0,0,0,0,669,0,0,0,0,0,0,0,0,0
"292",2011,11,296,0,0,0,0,0,0,194,0,310,0,0,0,0
"293",2011,12,4753,5916,2176,0,4669,957,2586,6937,0,692,5663,0,3473,424
"294",2011,13,223,969,256,0,326,97,737,1483,0,0,0,0,0,100
"295",2011,15,44,0,409,0,0,0,0,0,0,170,224,0,0,0
"296",2011,16,0,0,0,0,0,0,0,79,0,0,0,0,0,0
"297",2011,17,543,0,499,0,321,83,314,0,0,0,93,0,111,0
"298",2011,18,0,0,624,0,322,0,100,0,0,0,61,0,236,0
"299",2011,19,0,0,131,0,0,0,0,0,0,0,0,0,0,0
"300",2011,20,0,0,0,0,0,0,0,0,0,0,0,0,0,0
"301",2011,21,0,0,0,0,0,0,86,0,0,0,151,0,0,0
"302",2011,22,51,148,0,0,0,0,132,0,0,0,0,0,0,0
"303",2011,23,129,0,0,0,76,0,0,0,0,0,0,0,0,0
"304",2011,24,260,2097,499,0,561,0,0,1433,0,435,764,0,0,0
"305",2011,25,11089,8763,1436,0,3706,1158,2710,10482,0,357,3218,0,463,1269
"306",2011,26,257,0,228,0,205,0,623,0,0,65,330,0,0,0
"307",2011,27,105,707,603,0,732,0,0,477,0,0,0,0,0,0
"308",2011,28,91,0,152,0,0,0,0,29,0,0,0,0,0,0
"309",2011,29,1730,0,0,0,0,0,118,56,0,0,48,0,0,0
"310",2011,30,0,0,0,0,0,0,0,36,0,0,72,0,0,0
"311",2011,31,0,0,0,0,0,0,0,0,0,0,55,0,0,0
"312",2011,32,512,0,32,0,204,0,0,146,0,0,0,0,0,0
"313",2011,33,492,0,62,0,54,0,639,0,0,0,0,0,0,0
"314",2011,34,2199,4127,763,0,1334,91,2109,5219,0,273,1788,0,519,796
"315",2011,35,0,0,105,0,0,0,0,0,0,0,0,0,0,0
"316",2011,36,2224,1907,1172,0,2129,376,539,2734,0,183,1279,0,371,0
"317",2011,37,270,306,175,0,137,57,572,317,0,0,425,0,24,69
"318",2011,39,0,0,10,0,128,0,70,63,0,0,0,0,0,0
"319",2011,40,178,0,183,0,139,0,160,322,0,0,0,0,0,0
"320",2011,41,0,0,0,0,71,0,139,0,0,0,0,0,0,0
"321",2011,42,882,1825,624,0,603,214,492,2236,0,0,248,0,230,0
"322",2011,44,429,310,94,0,314,0,220,346,0,0,385,0,0,260
"323",2011,45,0,222,0,0,66,0,99,776,0,82,0,0,0,0
"324",2011,46,0,0,0,0,0,0,0,0,0,0,0,0,0,0
"325",2011,47,182,0,559,0,82,0,201,0,0,0,100,0,0,0
"326",2011,48,285,282,1127,0,429,308,1291,955,0,391,283,0,704,0
"327",2011,49,0,0,83,0,478,171,90,119,0,0,13,0,0,0
"328",2011,50,649,0,0,0,0,0,0,0,0,0,0,0,0,0
"329",2011,51,566,491,240,0,293,0,170,841,0,445,151,0,72,0
"330",2011,53,174,298,110,0,882,86,0,0,0,64,108,0,0,0
"331",2011,54,0,0,0,0,0,0,0,219,0,131,0,0,0,0
"332",2011,55,279,0,0,0,0,0,0,0,0,0,0,0,0,85
"333",2012,1,0,0,0,0,0,0,0,0,0,0,0,0,0,0
"334",2012,2,0,0,0,0,0,0,0,0,0,0,0,0,0,0
"335",2012,4,861,0,132,0,116,0,120,46,0,0,0,0,211,43
"336",2012,5,0,0,0,0,124,0,0,0,0,0,0,0,0,0
"337",2012,6,4147,630,2355,0,4053,1765,2054,3043,0,1039,2224,0,546,170
"338",2012,8,566,0,315,0,250,0,376,176,0,0,0,0,0,0
"339",2012,9,873,2027,412,0,842,412,355,4568,0,63,763,0,55,0
"340",2012,10,0,115,64,0,0,0,0,150,0,0,0,0,0,0
"341",2012,11,521,0,0,0,66,0,0,113,0,148,0,0,51,0
"342",2012,12,5505,3661,3324,0,2851,240,1805,6161,0,861,5384,0,3377,827
"343",2012,13,470,1046,460,0,416,480,411,727,0,0,1020,0,0,356
"344",2012,15,346,0,176,0,0,0,162,0,0,0,48,0,54,0
"345",2012,16,66,0,0,0,130,0,0,0,0,0,0,0,0,0
"346",2012,17,741,0,361,0,543,0,740,350,0,0,154,0,110,389
"347",2012,18,174,0,436,0,0,0,355,0,0,0,322,0,0,0
"348",2012,19,0,0,506,0,0,628,0,0,0,0,0,0,0,0
"349",2012,20,0,0,0,0,88,0,91,0,0,0,0,0,0,0
"350",2012,21,72,0,0,0,0,0,0,0,0,0,72,0,0,0
"351",2012,22,162,1210,0,0,0,0,0,0,0,0,13,0,36,0
"352",2012,23,23,0,0,0,0,0,0,0,0,0,0,0,0,0
"353",2012,24,157,351,541,0,696,189,437,1186,0,880,62,0,0,0
"354",2012,25,8210,7744,1899,0,4280,737,1552,6426,0,598,2887,0,728,780
"355",2012,26,36,0,536,0,243,201,488,0,0,176,592,0,50,0
"356",2012,27,0,0,0,0,294,0,185,134,0,23,0,0,0,0
"357",2012,28,0,0,0,0,68,0,0,0,0,0,52,0,0,0
"358",2012,29,120,0,118,0,0,0,72,91,0,0,0,0,0,0
"359",2012,31,0,0,227,0,132,0,0,0,0,0,129,0,0,0
"360",2012,32,898,124,0,0,0,0,0,174,0,0,64,0,0,0
"361",2012,33,424,196,0,0,47,0,222,221,0,0,45,0,0,0
"362",2012,34,1752,4561,136,0,1773,0,852,4255,0,380,927,0,1074,428
"363",2012,35,0,0,348,0,0,0,0,0,0,0,0,0,0,0
"364",2012,36,1273,2115,1772,0,2497,479,567,2479,0,938,1637,0,443,0
"365",2012,37,424,37,1006,0,516,0,318,217,0,721,472,0,0,0
"366",2012,38,0,0,90,0,26,0,0,0,0,0,0,0,0,0
"367",2012,39,454,420,108,0,0,0,43,0,0,0,0,0,434,0
"368",2012,40,0,0,0,0,131,0,178,0,0,50,0,0,0,0
"369",2012,41,179,0,221,0,58,0,103,189,0,0,305,0,0,0
"370",2012,42,328,1127,239,0,728,0,668,1682,0,0,559,0,0,0
"371",2012,44,0,0,71,0,65,0,0,0,0,0,0,0,0,0
"372",2012,45,0,1350,0,0,113,0,227,0,0,239,0,0,0,0
"373",2012,46,131,0,0,0,0,0,0,0,0,0,0,0,0,0
"374",2012,47,0,0,157,0,0,0,135,0,0,0,0,0,0,0
"375",2012,48,847,104,558,0,397,208,557,996,0,124,1150,0,0,0
"376",2012,49,105,109,103,0,394,81,576,709,0,87,193,0,86,0
"377",2012,50,0,0,98,0,123,0,0,0,0,0,59,0,0,0
"378",2012,51,382,53,217,0,349,55,242,305,0,202,320,0,0,0
"379",2012,53,0,167,0,0,224,65,0,0,0,0,325,0,0,330
"380",2012,54,0,0,0,0,0,0,0,0,0,0,0,0,0,0
"381",2012,55,0,0,131,0,0,0,136,0,0,0,0,0,0,0
"382",2012,56,0,0,0,0,99,0,0,0,0,0,0,0,0,0
"383",2013,1,0,0,64,0,0,0,0,0,0,0,54,0,0,0
"384",2013,2,0,235,0,0,0,0,0,43,0,0,0,0,0,0
"385",2013,4,52,0,63,0,309,0,128,80,0,219,95,0,0,77
"386",2013,5,0,0,0,0,0,0,0,0,0,0,120,0,0,0
"387",2013,6,4044,885,2398,0,2245,1806,1486,3778,0,474,1427,0,1045,322
"388",2013,8,0,0,475,0,120,0,136,273,0,0,64,0,0,0
"389",2013,9,1289,3292,490,0,1129,267,766,1764,0,107,739,0,178,0
"390",2013,10,0,0,68,0,0,0,0,0,0,0,0,0,0,0
"391",2013,11,79,0,129,0,0,0,0,336,0,303,44,0,0,0
"392",2013,12,4401,6231,2409,0,4454,1024,2426,6568,0,922,6776,0,2374,328
"393",2013,13,383,578,588,0,642,362,538,924,0,52,633,0,157,43
"394",2013,15,214,0,0,0,0,0,45,93,0,0,0,0,0,0
"395",2013,16,0,0,0,0,0,0,0,0,0,0,0,0,0,0
"396",2013,17,0,78,436,0,269,0,743,238,0,0,223,0,79,0
"397",2013,18,0,0,44,0,412,67,544,0,0,0,0,0,0,0
"398",2013,19,378,0,59,0,0,0,0,0,0,0,0,0,0,0
"399",2013,20,166,0,0,0,608,0,0,179,0,0,0,0,0,0
"400",2013,21,0,0,39,0,0,0,124,0,0,0,0,0,0,0
"401",2013,22,74,690,58,0,132,0,0,0,0,0,63,0,0,0
"402",2013,23,0,0,0,0,0,0,0,229,0,0,0,0,0,0
"403",2013,24,152,839,570,0,423,85,0,473,0,141,65,0,228,0
"404",2013,25,7618,8894,2092,0,3664,474,1857,7011,0,476,3560,0,1328,814
"405",2013,26,331,0,88,0,267,52,210,0,0,36,192,0,86,0
"406",2013,27,0,0,0,0,560,0,409,0,0,0,0,0,0,0
"407",2013,29,0,0,115,0,117,0,0,0,0,0,0,0,113,0
"408",2013,30,39,194,198,0,0,0,0,0,0,0,0,0,0,0
"409",2013,31,0,0,106,0,0,0,0,0,0,0,0,0,0,0
"410",2013,32,89,63,244,0,64,0,124,78,0,0,114,0,0,0
"411",2013,33,288,0,68,0,64,0,121,0,0,0,125,0,0,0
"412",2013,34,2333,6188,544,0,2356,119,1534,3201,0,202,2301,0,80,606
"413",2013,35,0,210,225,0,0,0,130,0,0,0,0,0,0,0
"414",2013,36,3810,2839,2344,0,1213,1097,754,2472,0,584,1949,0,166,0
"415",2013,37,332,0,97,0,0,62,401,640,0,0,74,0,93,0
"416",2013,38,0,0,469,0,0,0,0,0,0,0,137,0,0,0
"417",2013,39,94,136,262,0,472,0,671,289,0,0,199,0,0,196
"418",2013,40,0,0,165,0,0,0,39,0,0,0,0,0,0,0
"419",2013,41,107,0,281,0,164,0,379,0,0,0,162,0,0,0
"420",2013,42,290,313,177,0,120,0,196,475,0,198,1344,0,86,0
"421",2013,44,58,335,204,0,138,0,50,159,0,0,93,0,0,0
"422",2013,45,76,1494,395,0,37,0,52,134,0,0,0,0,108,0
"423",2013,47,0,11,137,0,365,0,0,0,0,0,68,0,0,0
"424",2013,48,738,176,1107,0,882,91,1291,1261,0,658,1277,0,403,146
"425",2013,49,72,0,563,0,58,0,480,77,0,98,375,0,308,0
"426",2013,50,0,0,0,0,0,0,52,0,0,0,0,0,0,0
"427",2013,51,666,260,168,0,359,82,0,365,0,379,486,0,0,0
"428",2013,53,125,144,556,0,155,247,366,308,0,21,593,0,0,149
"429",2013,54,0,0,80,0,0,0,0,12,0,136,0,0,0,0
"430",2013,55,286,46,0,0,149,0,359,0,0,0,150,0,0,0
"431",2013,56,0,20,0,0,0,0,0,0,0,0,0,0,0,0
"432",2014,1,292,0,219,0,0,0,0,0,0,0,63,0,0,0
"433",2014,2,0,0,0,0,123,0,0,0,0,0,0,0,0,0
"434",2014,4,0,0,238,40,665,67,189,149,180,0,0,378,48,0
"435",2014,5,0,0,79,179,0,0,98,0,0,0,0,0,0,0
"436",2014,6,3973,565,2116,1314,2482,1632,1842,3308,4610,270,1680,1306,732,141
"437",2014,8,71,254,0,135,67,0,148,0,85,0,0,0,120,0
"438",2014,9,1441,2969,338,971,166,165,161,1585,2826,153,283,298,61,69
"439",2014,10,30,0,0,0,0,0,0,37,0,0,0,0,0,0
"440",2014,11,165,59,0,0,153,0,0,59,290,152,0,0,0,0
"441",2014,12,4186,4701,2196,4153,3993,1475,2610,4931,9603,535,5376,2040,1463,560
"442",2014,13,348,147,390,72,393,36,417,908,1672,470,270,297,15,0
"443",2014,15,57,26,194,0,67,0,0,0,0,70,52,0,0,0
"444",2014,16,0,0,0,0,63,0,0,0,0,0,0,44,0,0
"445",2014,17,161,0,601,460,91,426,457,325,465,0,218,86,273,0
"446",2014,18,295,0,116,15,0,0,231,0,0,0,0,118,0,0
"447",2014,19,0,0,270,0,0,0,95,0,186,0,0,0,0,0
"448",2014,20,359,0,0,0,113,0,0,0,0,0,0,0,0,0
"449",2014,21,135,0,14,0,0,0,0,0,0,0,0,0,0,0
"450",2014,22,679,729,88,0,0,0,145,0,486,0,306,42,336,445
"451",2014,23,0,0,0,0,180,0,0,0,0,0,0,0,0,0
"452",2014,24,0,176,572,394,489,283,0,683,555,293,789,249,0,0
"453",2014,25,5162,8939,1415,1025,4093,0,4178,8217,10602,0,2622,1764,228,634
"454",2014,26,78,0,213,175,0,0,2114,85,357,0,398,138,124,0
"455",2014,27,321,156,135,0,296,0,587,0,160,0,628,48,0,0
"456",2014,28,0,0,191,0,35,0,0,0,0,39,131,0,0,0
"457",2014,29,0,0,297,0,284,67,81,56,349,0,0,411,0,0
"458",2014,31,137,0,0,0,0,0,0,0,0,0,0,0,0,0
"459",2014,32,1535,277,101,73,101,0,0,437,182,0,467,305,0,0
"460",2014,33,1007,0,106,0,10,0,61,0,383,245,318,17,0,0
"461",2014,34,1963,4956,1518,565,1969,210,1307,4149,3197,33,2083,1614,438,185
"462",2014,35,174,0,165,307,0,0,109,0,0,0,226,0,0,0
"463",2014,36,1475,1701,1406,1680,2604,459,1161,1894,2615,676,1489,90,65,252
"464",2014,37,118,834,22,39,172,0,666,220,869,115,524,0,0,0
"465",2014,38,391,0,0,0,0,0,0,0,0,0,0,65,0,0
"466",2014,39,63,102,310,972,341,269,887,412,59,109,88,322,0,0
"467",2014,40,593,0,0,0,0,0,0,0,0,0,131,115,0,0
"468",2014,41,0,58,20,0,0,0,233,0,188,98,69,152,0,0
"469",2014,42,567,4427,69,305,153,111,355,1475,2354,0,281,293,0,0
"470",2014,44,84,0,629,0,86,0,0,471,0,0,84,0,0,0
"471",2014,45,325,354,132,72,51,0,93,153,263,66,274,63,0,83
"472",2014,46,0,0,96,0,0,0,0,0,0,0,0,0,0,0
"473",2014,47,0,0,48,0,237,0,303,0,318,64,285,0,0,58
"474",2014,48,783,986,911,363,1297,93,1245,937,1692,488,456,1166,196,167
"475",2014,49,164,0,184,155,0,0,365,258,459,0,106,83,0,0
"476",2014,51,328,33,317,339,443,147,218,168,576,208,515,44,65,0
"477",2014,53,0,19,62,0,0,68,175,394,526,0,200,237,0,0
"478",2014,54,0,0,0,0,0,0,0,0,83,0,0,0,0,0
"479",2014,55,0,0,64,0,187,0,369,0,0,0,0,45,0,0
"480",2014,56,0,0,0,0,76,0,0,0,0,0,0,0,0,0
"481",2015,1,0,0,61,0,0,0,0,0,238,0,0,141,0,0
"482",2015,2,0,0,0,0,0,0,0,0,0,0,0,44,0,0
"483",2015,4,0,0,198,71,192,0,0,26,99,84,54,0,117,0
"484",2015,5,0,0,0,0,0,95,0,0,0,0,0,0,0,0
"485",2015,6,2996,919,3561,1814,2401,1391,1412,2585,4728,839,1985,2074,579,315
"486",2015,8,191,152,538,185,0,0,158,0,357,140,89,94,0,0
"487",2015,9,532,3011,533,966,698,215,642,2339,2761,320,198,364,113,54
"488",2015,10,486,153,0,66,0,0,145,177,106,0,0,88,0,0
"489",2015,11,172,0,0,44,56,54,0,0,195,107,0,0,0,0
"490",2015,12,6850,7926,3435,4082,2849,659,2254,4503,9357,1349,6502,3447,2283,382
"491",2015,13,1165,577,512,231,666,706,690,2442,2299,178,367,44,0,145
"492",2015,15,269,0,0,0,171,70,161,0,242,0,427,54,0,0
"493",2015,16,0,0,80,0,74,0,387,0,86,0,0,0,0,0
"494",2015,17,100,0,1316,912,400,0,581,251,1067,0,521,0,143,0
"495",2015,18,438,195,999,0,55,0,464,0,91,92,38,73,0,0
"496",2015,19,0,0,265,0,302,0,0,0,0,0,0,0,0,0
"497",2015,20,0,16,373,0,0,0,208,0,182,0,0,0,0,0
"498",2015,21,0,0,0,89,418,0,0,0,76,0,0,0,0,0
"499",2015,22,0,298,100,154,241,0,61,0,36,0,0,253,0,0
"500",2015,23,269,0,0,0,0,0,0,0,0,0,0,0,0,0
"501",2015,24,302,1333,551,157,868,0,112,888,1647,693,310,122,464,346
"502",2015,25,7067,10296,1978,1489,7188,64,1932,7619,9251,26,2807,1334,686,509
"503",2015,26,284,0,325,161,508,0,925,345,433,83,145,112,0,0
"504",2015,27,0,0,37,0,177,53,292,0,164,0,155,123,0,0
"505",2015,28,200,0,0,0,0,0,0,0,116,0,0,0,0,0
"506",2015,29,151,0,822,116,191,0,0,0,74,0,87,0,0,0
"507",2015,31,65,0,0,0,0,0,0,93,0,0,0,0,0,0
"508",2015,32,858,0,61,254,281,80,0,464,612,0,202,66,53,0
"509",2015,33,102,194,154,0,0,75,335,0,582,0,0,257,0,0
"510",2015,34,1602,3838,769,1389,2012,185,563,3440,4117,210,1101,969,305,0
"511",2015,35,0,0,71,0,202,0,0,0,0,0,0,0,0,0
"512",2015,36,1258,1446,1365,2151,1508,233,785,2380,2120,159,1475,636,102,0
"513",2015,37,409,414,803,248,370,0,0,410,500,0,112,73,0,0
"514",2015,38,0,0,41,0,26,0,0,0,0,0,0,0,0,0
"515",2015,39,238,203,217,241,130,0,1019,572,773,0,394,0,73,0
"516",2015,40,83,0,0,0,0,0,0,0,0,0,43,0,0,0
"517",2015,41,350,0,134,384,329,0,0,0,319,0,0,48,0,0
"518",2015,42,626,451,384,108,105,0,107,961,1801,143,0,33,89,0
"519",2015,44,0,194,0,0,56,0,0,0,197,0,0,0,0,0
"520",2015,45,349,485,122,140,174,0,550,275,323,0,139,47,0,135
"521",2015,47,169,0,145,0,0,0,56,0,64,0,0,0,0,0
"522",2015,48,1780,503,685,964,1906,271,1388,1462,2436,398,157,1480,245,0
"523",2015,49,0,31,224,0,698,37,788,14,399,0,0,165,0,0
"524",2015,50,0,0,0,0,74,0,0,0,0,0,0,0,0,0
"525",2015,51,252,203,936,442,159,90,0,362,1597,126,456,1312,40,102
"526",2015,53,721,116,0,70,0,68,156,139,1104,0,0,79,0,18
"527",2015,54,0,0,0,0,0,0,0,0,0,0,0,43,0,0
"528",2015,55,264,0,207,0,41,0,177,0,0,0,133,0,0,0
"529",2016,1,0,0,0,0,0,0,0,0,110,0,0,0,0,0
"530",2016,2,0,0,0,0,0,0,0,0,0,0,0,0,0,0
"531",2016,4,122,0,533,0,263,0,339,0,737,79,0,0,0,0
"532",2016,5,0,0,122,0,0,0,0,0,0,0,0,0,0,0
"533",2016,6,3207,1424,2649,1960,3867,2956,3357,2319,5744,431,2592,3363,961,0
"534",2016,8,49,302,66,150,602,112,105,0,271,51,147,147,0,98
"535",2016,9,1283,4147,1449,532,1134,70,1069,3040,2895,116,1094,74,132,177
"536",2016,10,0,212,0,0,0,0,0,0,0,0,0,0,0,0
"537",2016,11,48,0,465,0,39,0,0,311,232,108,0,0,0,0
"538",2016,12,5860,5818,2303,6927,5230,753,2381,7598,11258,964,5487,3881,2555,196
"539",2016,13,602,838,535,837,566,194,1293,1525,2230,248,310,320,658,135
"540",2016,15,463,0,0,0,247,87,0,0,0,41,92,0,71,0
"541",2016,16,0,0,0,0,0,0,0,0,515,0,169,0,0,0
"542",2016,17,118,128,605,438,1091,0,439,83,291,0,656,0,0,0
"543",2016,18,119,0,66,10,420,0,0,77,351,0,0,0,0,0
"544",2016,19,0,0,75,0,0,0,0,0,0,178,0,0,0,0
"545",2016,20,295,0,86,0,0,0,205,0,72,114,173,0,0,0
"546",2016,21,0,0,364,0,0,0,71,0,210,0,84,0,88,0
"547",2016,22,202,158,94,0,207,0,78,0,250,0,55,0,141,27
"548",2016,23,0,0,324,0,144,0,0,0,0,0,0,0,0,0
"549",2016,24,429,966,552,429,1181,0,144,1131,1241,693,89,479,0,0
"550",2016,25,6382,11805,2944,1758,5466,410,2512,11466,8711,459,3348,2643,857,462
"551",2016,26,117,0,375,85,196,0,1626,0,175,62,450,156,0,0
"552",2016,27,158,0,168,10,213,0,36,0,43,0,432,0,0,0
"553",2016,28,0,0,450,0,0,0,0,0,0,0,0,0,0,0
"554",2016,29,577,155,0,0,109,0,92,0,125,0,0,0,0,0
"555",2016,30,0,0,0,0,0,0,0,53,0,0,0,0,0,0
"556",2016,31,0,0,94,0,0,0,0,0,0,0,115,0,0,0
"557",2016,32,480,341,0,46,89,0,62,0,75,0,231,0,71,64
"558",2016,33,400,204,133,112,145,0,338,69,571,0,0,0,0,0
"559",2016,34,2234,4952,813,1260,998,327,2262,2370,2552,0,1332,1240,568,176
"560",2016,35,83,0,70,0,156,127,80,225,131,203,141,0,0,0
"561",2016,36,2191,2659,855,2350,2862,239,813,2461,2536,135,1236,852,344,428
"562",2016,37,681,363,548,197,525,0,724,566,814,67,112,0,138,0
"563",2016,38,0,0,0,0,54,0,0,0,0,0,0,0,0,0
"564",2016,39,0,0,36,123,121,0,451,77,141,0,176,339,0,0
"565",2016,40,0,0,107,0,364,136,0,133,0,0,209,0,0,0
"566",2016,41,114,214,278,58,423,71,565,0,275,96,137,354,0,0
"567",2016,42,285,1737,48,0,823,0,2271,1409,1499,89,816,481,266,329
"568",2016,44,0,91,105,0,518,0,218,0,0,0,355,0,0,0
"569",2016,45,358,272,73,0,252,0,494,505,99,0,333,140,0,0
"570",2016,47,86,187,0,0,147,0,108,0,0,0,169,69,0,136
"571",2016,48,1546,0,1182,437,1929,361,2019,924,2207,193,1184,1029,412,259
"572",2016,49,718,0,242,286,438,0,580,190,726,153,183,316,0,0
"573",2016,50,0,0,59,0,0,0,0,0,0,0,0,0,0,0
"574",2016,51,327,0,573,358,754,76,66,847,770,256,298,51,229,0
"575",2016,53,0,0,448,90,352,0,0,104,542,361,322,529,0,0
"576",2016,54,272,0,0,0,43,0,0,45,78,0,0,0,76,0
"577",2016,55,0,0,0,0,0,0,228,0,127,0,217,288,0,0
"578",2016,56,0,0,36,0,0,0,0,0,0,75,0,0,0,0
"579",2017,1,43,110,0,0,227,0,0,304,0,0,265,0,0,0
"580",2017,2,0,0,0,0,0,0,0,0,0,73,0,0,0,0
"581",2017,4,331,0,127,246,50,71,0,161,697,0,262,0,119,0
"582",2017,5,0,0,234,0,230,0,0,76,0,92,43,0,172,0
"583",2017,6,3398,1414,2702,2723,4845,1958,1699,3393,7525,1129,3915,2734,1138,238
"584",2017,8,188,204,0,228,149,0,434,65,115,0,0,39,0,0
"585",2017,9,809,2892,338,631,865,62,684,3453,2247,210,1089,384,0,59
"586",2017,10,59,104,0,0,0,0,0,0,67,0,0,0,0,0
"587",2017,11,61,0,213,31,0,0,0,218,445,418,42,0,0,0
"588",2017,12,6121,11908,5461,5857,5083,1467,5509,7254,14230,1357,5884,3953,3290,1377
"589",2017,13,755,1411,669,294,1096,86,761,1533,2574,0,655,381,70,0
"590",2017,15,0,0,53,96,0,0,0,58,833,0,0,0,0,0
"591",2017,16,0,0,0,29,82,0,0,274,0,0,0,0,0,0
"592",2017,17,400,77,394,576,433,186,971,1194,756,0,767,381,116,0
"593",2017,18,223,0,434,0,0,14,831,114,104,0,232,0,0,0
"594",2017,19,0,0,781,428,0,0,0,0,0,0,31,0,0,0
"595",2017,20,0,96,10,133,89,0,161,97,232,0,0,0,0,0
"596",2017,21,281,166,0,0,0,0,239,0,198,0,62,389,0,0
"597",2017,22,0,945,56,0,0,0,80,95,315,106,0,88,0,0
"598",2017,23,315,0,534,0,246,0,0,201,0,0,0,0,0,0
"599",2017,24,343,443,978,97,678,161,0,517,1744,673,469,304,0,0
"600",2017,25,10253,14114,2680,2708,5495,799,3078,8631,11478,294,3087,1626,645,1393
"601",2017,26,140,0,1199,113,549,0,1326,0,728,0,138,0,0,0
"602",2017,27,0,178,358,0,558,0,526,421,226,336,0,77,0,0
"603",2017,28,120,0,0,149,71,0,0,0,0,0,0,0,0,0
"604",2017,29,151,98,88,88,411,103,1347,0,152,161,102,205,0,0
"605",2017,30,0,0,244,0,0,0,0,0,0,0,0,0,0,0
"606",2017,31,0,0,44,0,0,0,0,0,0,0,0,0,0,0
"607",2017,32,154,303,72,123,120,0,0,245,235,0,1193,322,0,157
"608",2017,33,364,0,0,0,239,0,75,32,307,0,326,0,0,0
"609",2017,34,1821,6296,1050,610,1162,74,1860,3893,3062,249,1726,1095,334,361
"610",2017,35,0,0,96,0,106,107,0,91,0,0,0,0,0,0
"611",2017,36,1677,1118,1495,2864,2430,1064,1067,1407,3096,445,956,1456,205,96
"612",2017,37,702,0,738,206,298,0,1097,443,1521,113,622,0,509,0
"613",2017,38,0,0,0,0,13,0,0,0,0,0,0,0,0,0
"614",2017,39,847,0,0,308,28,0,382,210,181,0,66,52,37,0
"615",2017,40,133,114,111,0,87,0,42,92,179,0,0,346,0,0
"616",2017,41,81,192,207,51,309,0,24,0,184,418,123,214,0,0
"617",2017,42,1929,984,443,162,1167,121,273,276,2140,17,751,0,0,0
"618",2017,44,51,208,0,176,0,0,62,0,223,61,207,117,51,0
"619",2017,45,309,1055,312,153,0,0,140,120,371,0,0,0,66,69
"620",2017,47,70,0,177,0,47,0,278,198,58,0,0,61,0,89
"621",2017,48,1411,518,1772,1459,865,220,1213,556,2659,207,550,2304,534,98
"622",2017,49,311,151,455,394,464,0,0,135,1471,0,1014,221,0,0
"623",2017,50,0,0,0,0,45,0,0,0,0,0,0,130,0,0
"624",2017,51,77,287,1025,76,516,401,259,778,638,528,74,126,0,0
"625",2017,53,693,615,518,148,1491,219,0,363,826,424,308,144,0,0
"626",2017,54,0,0,16,0,0,0,0,0,0,0,0,0,0,0
"627",2017,55,0,263,0,0,328,0,71,128,108,0,25,0,0,0
"628",2017,56,0,0,0,0,56,0,0,0,0,184,0,0,0,0
"629",2018,1,61,0,0,0,147,0,0,0,867,0,94,0,0,0
"630",2018,2,0,0,0,0,0,0,0,0,0,0,296,0,44,0
"631",2018,4,445,228,160,204,0,66,113,413,115,0,0,95,67,78
"632",2018,5,48,0,197,0,13,0,115,58,0,0,137,0,0,0
"633",2018,6,4408,918,2544,2302,2884,1561,2930,1945,6377,1209,2878,3455,2061,108
"634",2018,8,77,0,0,185,199,0,274,48,502,0,106,63,233,90
"635",2018,9,456,3615,1171,513,1588,65,1585,3432,3736,0,1269,173,60,121
"636",2018,10,0,76,137,0,223,0,118,60,0,0,213,0,0,0
"637",2018,11,47,0,120,59,42,0,0,181,421,140,35,0,0,79
"638",2018,12,6766,10359,3990,6097,8062,3257,3495,5302,15506,1571,5961,3646,3062,289
"639",2018,13,585,743,384,513,622,324,133,1850,4226,564,778,335,196,0
"640",2018,15,0,0,0,0,0,0,0,538,0,0,27,0,0,0
"641",2018,16,0,0,0,0,0,91,0,0,0,0,0,0,0,0
"642",2018,17,495,0,167,185,483,221,665,164,822,0,532,888,134,0
"643",2018,18,0,0,165,36,493,0,328,0,376,0,136,67,65,0
"644",2018,19,10,0,772,0,0,0,0,0,99,0,0,0,0,0
"645",2018,20,996,456,531,0,0,0,0,0,70,0,80,0,0,0
"646",2018,21,88,26,45,93,0,0,227,0,0,0,0,0,0,0
"647",2018,22,0,625,207,106,0,0,0,452,465,0,619,366,0,0
"648",2018,24,644,1195,277,195,916,0,308,1423,1576,893,176,650,0,0
"649",2018,25,7666,11265,3215,1900,6573,274,2315,10328,13853,317,3143,4412,185,655
"650",2018,26,47,0,626,0,587,0,1559,55,57,99,524,123,0,86
"651",2018,27,0,0,447,608,383,0,232,276,173,0,0,0,202,0
"652",2018,28,0,0,63,241,257,0,0,0,0,0,0,71,0,134
"653",2018,29,164,38,165,0,126,0,0,0,105,755,443,0,158,0
"654",2018,30,150,0,0,0,0,0,0,0,0,0,0,0,0,0
"655",2018,31,0,0,0,0,876,0,692,0,0,0,0,106,0,0
"656",2018,32,249,68,359,203,174,0,249,292,130,0,218,0,0,0
"657",2018,33,137,102,0,0,245,0,395,62,280,0,61,98,0,0
"658",2018,34,1458,6002,1557,2421,2758,311,1628,4920,3343,895,1674,1355,615,154
"659",2018,35,0,0,332,0,67,0,0,0,43,114,163,0,0,0
"660",2018,36,2236,1800,2953,2192,1701,129,618,2338,3908,658,1538,485,346,269
"661",2018,37,298,746,465,195,562,0,669,552,516,0,390,499,0,0
"662",2018,39,336,0,495,158,653,0,311,48,466,100,112,162,0,0
"663",2018,40,0,0,0,0,353,0,0,765,148,0,0,0,0,0
"664",2018,41,49,114,746,0,154,0,277,95,291,163,0,0,0,0
"665",2018,42,352,2190,318,712,665,97,1218,764,1537,86,256,124,0,499
"666",2018,44,0,527,68,100,210,0,147,0,513,0,354,0,0,0
"667",2018,45,103,543,69,0,146,0,676,57,316,0,324,0,0,0
"668",2018,47,350,58,393,0,283,53,160,100,115,177,156,0,0,0
"669",2018,48,1516,779,1268,666,1013,117,2585,1036,3047,224,353,1684,199,188
"670",2018,49,703,81,696,232,187,180,27,368,1294,0,315,215,0,0
"671",2018,50,0,0,0,0,0,0,44,0,0,0,0,0,0,0
"672",2018,51,334,271,1136,71,892,0,381,510,770,556,591,286,0,83
"673",2018,53,147,733,161,160,676,175,111,1177,1893,0,477,230,0,0
"674",2018,54,54,0,74,0,0,0,0,0,0,0,129,0,0,0
"675",2018,55,0,0,385,0,0,0,746,0,0,0,75,16,0,0
"676",2019,1,128,231,0,333,0,0,45,0,316,0,76,0,0,0
"677",2019,2,0,0,0,0,0,0,0,0,0,0,89,178,0,0
"678",2019,4,500,0,306,61,397,0,390,556,438,0,133,411,80,0
"679",2019,5,0,0,0,0,0,0,0,0,0,0,69,142,0,0
"680",2019,6,2822,1261,2618,3239,2893,1766,2264,4102,6299,972,2739,5086,959,786
"681",2019,8,153,106,795,211,255,0,39,0,582,35,88,104,0,0
"682",2019,9,2191,2421,1089,584,939,56,1351,1469,3820,366,813,2414,84,124
"683",2019,10,0,0,0,0,45,0,71,23,0,0,148,0,0,0
"684",2019,11,0,0,106,149,56,0,0,109,102,591,0,228,0,0
"685",2019,12,5828,9290,4773,7791,4938,2101,2930,6033,13855,1330,6720,4958,1788,259
"686",2019,13,966,2501,1222,620,721,219,1273,1072,1141,301,1064,470,264,48
"687",2019,15,115,0,90,0,0,0,0,145,0,0,410,210,67,0
"688",2019,16,159,0,101,0,43,0,0,0,0,0,0,10,0,0
"689",2019,17,766,132,315,700,188,0,289,939,868,0,216,505,109,72
"690",2019,18,83,0,612,0,98,0,55,89,59,304,133,114,0,0
"691",2019,19,0,0,12,0,34,0,0,0,0,0,0,0,0,0
"692",2019,20,232,317,97,81,241,0,384,476,207,0,209,0,0,0
"693",2019,21,0,188,728,0,160,0,201,0,0,0,0,0,0,0
"694",2019,22,440,84,227,0,84,0,0,54,0,114,0,124,97,0
"695",2019,23,234,0,0,0,75,0,138,0,0,162,0,0,0,0
"696",2019,24,378,309,324,565,425,0,113,893,691,520,222,0,0,517
"697",2019,25,7472,20208,3227,2807,4934,679,2779,6931,14544,1135,3292,4381,641,324
"698",2019,26,105,222,206,154,1093,0,1524,0,571,0,394,83,89,0
"699",2019,27,0,0,473,0,158,0,750,0,454,242,483,161,0,0
"700",2019,28,0,0,17,0,0,0,0,0,0,0,0,0,0,0
"701",2019,29,0,53,276,0,13,13,160,0,305,0,0,183,0,0
"702",2019,30,0,0,0,0,0,178,0,0,0,0,0,0,0,0
"703",2019,31,0,0,341,0,0,0,0,77,74,120,160,0,0,0
"704",2019,32,1381,60,0,226,154,49,193,61,490,0,945,406,50,0
"705",2019,33,749,0,112,292,93,71,223,0,1002,0,362,213,0,0
"706",2019,34,4046,7292,1224,2246,1367,33,1021,3544,6268,0,2703,1920,857,0
"707",2019,35,0,71,74,39,0,0,0,70,0,0,0,0,0,0
"708",2019,36,1942,3256,2703,2451,1355,929,1581,2899,2691,777,1320,1029,549,0
"709",2019,37,717,1209,680,259,357,57,83,820,263,0,534,140,0,0
"710",2019,39,912,82,326,0,1139,0,599,303,192,81,102,295,115,0
"711",2019,40,0,0,0,0,294,0,0,0,327,0,0,0,0,0
"712",2019,41,253,0,490,0,84,0,435,0,289,18,0,0,0,0
"713",2019,42,346,1606,863,230,757,0,1212,1940,644,0,1107,712,0,70
"714",2019,44,0,0,142,486,271,0,621,0,117,0,110,335,0,135
"715",2019,45,415,1074,150,164,245,0,307,916,811,0,108,49,0,0
"716",2019,47,291,340,258,52,109,0,529,286,93,0,82,0,0,0
"717",2019,48,908,0,1578,1030,1352,239,1437,599,3278,96,1306,1404,630,117
"718",2019,49,55,282,138,689,0,138,413,520,1707,113,456,328,21,0
"719",2019,50,0,0,0,0,0,0,0,0,0,0,0,0,0,0
"720",2019,51,304,808,453,382,1099,110,79,247,506,298,189,95,0,0
"721",2019,53,799,785,466,71,92,15,0,698,2382,239,1007,85,0,0
"722",2019,54,0,0,0,0,0,0,0,0,0,0,0,0,0,0
"723",2019,55,115,0,0,0,0,0,249,0,349,0,12,0,0,0
