"","year","state_code","age_0_to_4","age_05_to_09","age_10_to_19","age_20_to_24","age_25_to_29","age_30_to_34","age_35_to_39","age_40_to_44","age_45_to_49","age_50_to_54","age_55_to_59","age_60_to_64","age_65_to_69","age_70_to_74","age_75_to_79","age_80_to_84","age_85_plus"
"1",2005,1,78,172,242,0,279,333,238,365,323,0,0,0,0,0,0,0,0
"2",2005,2,0,0,0,0,0,0,88,0,0,0,0,0,0,0,0,0,0
"3",2005,4,0,0,0,67,190,255,0,61,61,90,359,135,70,0,0,0,0
"4",2005,5,0,116,0,0,0,98,0,385,156,106,0,0,0,0,0,0,0
"5",2005,6,305,1039,2920,1910,2788,4239,2857,3152,2043,751,1191,331,496,61,456,257,315
"6",2005,8,0,84,0,0,372,83,207,141,304,62,0,86,0,0,0,0,0
"7",2005,9,0,333,1309,2153,2771,1779,2845,1133,976,501,154,0,67,0,0,0,0
"8",2005,10,0,0,0,104,0,110,0,0,0,0,82,0,0,0,0,0,0
"9",2005,11,0,0,0,0,0,73,0,0,0,0,295,0,75,0,0,0,0
"10",2005,12,183,1071,6693,5945,4472,6269,8645,8562,6592,3396,1549,1348,1461,488,301,200,0
"11",2005,13,0,1341,1304,1891,2329,2209,1471,1465,264,529,706,717,100,0,0,0,0
"12",2005,15,0,69,0,62,174,305,137,26,0,0,28,0,0,0,0,303,0
"13",2005,16,0,0,82,0,0,0,0,0,0,0,0,0,0,0,0,0,0
"14",2005,17,0,69,518,0,175,81,163,307,538,547,252,738,0,79,70,0,0
"15",2005,18,0,0,0,143,95,83,0,352,198,33,0,0,0,0,0,0,0
"16",2005,19,0,0,0,107,99,0,0,0,222,0,0,0,0,0,0,0,0
"17",2005,20,0,0,101,0,148,0,0,0,125,0,0,0,105,0,0,0,0
"18",2005,21,0,0,0,0,63,0,0,0,0,0,0,0,0,0,0,0,0
"19",2005,22,0,0,55,0,0,55,0,86,211,0,0,0,0,0,0,0,0
"20",2005,23,0,0,545,0,534,0,0,454,91,0,0,393,0,0,0,0,0
"21",2005,24,0,484,809,153,1536,810,688,990,301,182,543,155,566,91,69,133,0
"22",2005,25,1493,1662,7942,10284,17815,14211,11985,9143,5739,2869,2506,1662,484,358,394,0,0
"23",2005,26,0,0,302,173,176,346,531,351,184,96,0,0,0,0,0,0,0
"24",2005,27,0,0,203,165,0,264,119,0,126,0,0,0,0,0,0,0,0
"25",2005,28,0,142,0,0,0,0,61,75,0,0,97,0,0,0,0,0,0
"26",2005,29,0,0,0,201,514,79,96,65,112,0,0,0,0,0,0,0,0
"27",2005,30,0,0,0,0,146,0,0,0,0,0,0,0,0,0,0,0,0
"28",2005,32,0,0,196,65,132,64,128,201,0,0,0,0,154,0,0,0,0
"29",2005,33,0,0,393,1048,0,0,142,166,796,82,0,0,0,0,0,0,0
"30",2005,34,0,831,3363,3377,5159,3965,5772,2929,3417,1613,723,732,314,332,807,61,119
"31",2005,35,0,0,48,0,0,0,0,0,0,0,0,95,0,0,73,0,0
"32",2005,36,0,327,1777,931,4310,6203,1415,2509,3583,1307,1689,761,588,416,108,79,0
"33",2005,37,0,86,338,144,252,73,222,734,177,0,0,0,0,0,0,0,0
"34",2005,39,0,0,217,251,341,263,205,701,394,216,0,0,0,0,0,0,0
"35",2005,40,0,0,1127,0,105,0,0,1078,1017,83,0,0,0,0,0,0,0
"36",2005,41,0,0,0,120,165,0,100,106,0,80,0,0,0,0,0,0,0
"37",2005,42,0,157,748,795,1404,204,1313,654,840,170,328,282,0,0,124,0,0
"38",2005,44,0,0,0,75,0,104,198,695,71,0,0,0,0,0,0,0,0
"39",2005,45,0,0,119,577,439,307,72,519,54,64,71,0,67,50,0,0,0
"40",2005,47,0,0,0,0,823,0,0,0,109,350,0,73,0,0,0,0,0
"41",2005,48,20,283,382,831,2356,708,702,730,1023,377,110,135,67,127,70,0,0
"42",2005,49,0,182,360,154,330,252,891,384,105,0,246,0,0,0,0,0,0
"43",2005,51,87,1180,439,394,643,931,298,691,926,427,83,323,49,0,0,0,0
"44",2005,53,0,0,467,97,606,72,554,254,376,0,0,0,79,0,0,0,0
"45",2005,55,0,85,213,0,0,0,203,0,0,144,159,0,0,0,0,0,0
"46",2006,1,0,349,0,67,30,120,190,281,25,132,25,0,0,63,0,0,88
"47",2006,4,0,0,379,0,0,0,153,504,0,67,59,65,59,59,0,90,0
"48",2006,5,0,0,0,139,0,0,0,0,0,0,0,0,0,0,0,0,0
"49",2006,6,0,314,1904,1788,2986,4400,5797,4171,3361,2926,1442,665,901,524,312,177,235
"50",2006,8,0,56,93,0,412,0,0,0,384,105,106,94,0,0,0,0,0
"51",2006,9,69,262,1302,3039,3965,1726,2379,2161,1357,762,407,738,0,0,0,97,0
"52",2006,10,0,0,0,0,0,327,0,0,141,144,0,0,0,0,0,0,0
"53",2006,11,0,0,0,102,138,68,89,0,63,0,0,0,0,0,0,0,0
"54",2006,12,83,1997,5159,8121,8469,5544,8904,6875,7845,5746,3297,2095,986,1123,292,0,121
"55",2006,13,68,964,2063,1888,1206,2870,1939,1869,900,467,0,0,0,0,0,61,0
"56",2006,15,0,0,0,0,0,210,22,185,71,0,0,0,0,0,0,0,0
"57",2006,16,0,0,0,0,0,91,0,0,0,70,0,0,0,0,0,0,0
"58",2006,17,0,83,657,483,347,502,651,717,517,251,84,168,452,106,0,0,61
"59",2006,18,0,79,79,0,85,92,262,463,154,0,76,0,0,97,0,112,0
"60",2006,19,0,124,39,353,117,922,0,207,110,0,0,0,0,0,0,0,0
"61",2006,20,0,0,104,27,163,63,0,0,0,228,0,0,0,0,0,0,0
"62",2006,21,0,0,0,121,0,77,107,80,0,0,0,0,0,0,0,0,0
"63",2006,22,0,0,0,0,0,0,0,0,155,0,16,0,0,0,0,335,0
"64",2006,23,0,0,0,0,0,242,0,0,0,0,0,0,0,0,0,0,0
"65",2006,24,69,774,927,401,529,305,336,1786,943,129,445,0,358,0,49,84,0
"66",2006,25,109,1516,7538,10207,14480,10361,10358,7833,6575,3391,1810,519,200,821,0,0,91
"67",2006,26,0,85,467,160,906,104,279,184,125,313,128,0,0,94,0,0,0
"68",2006,27,0,0,299,0,242,99,125,0,0,212,178,0,168,0,77,0,0
"69",2006,28,0,0,0,17,0,0,0,0,0,0,0,0,0,0,0,0,0
"70",2006,29,0,0,439,0,0,0,218,0,0,0,0,0,0,0,0,0,0
"71",2006,30,0,0,0,0,248,0,0,0,0,0,0,0,0,0,0,0,0
"72",2006,31,0,0,440,0,0,0,0,0,106,101,0,0,0,0,0,0,0
"73",2006,32,0,0,74,120,70,0,58,59,58,111,129,0,0,208,0,0,0
"74",2006,33,0,79,23,200,186,165,392,356,360,0,0,59,360,0,0,0,0
"75",2006,34,0,752,2501,4797,5341,4918,5374,6091,4244,2094,1034,608,757,116,0,58,0
"76",2006,35,0,0,74,243,0,0,0,264,0,0,0,0,0,0,0,0,0
"77",2006,36,157,664,417,1154,3012,2888,3107,4490,1568,1124,1144,631,1225,172,404,67,93
"78",2006,37,0,77,84,870,460,591,257,206,355,59,89,67,0,0,0,0,0
"79",2006,39,0,0,583,193,402,103,205,246,68,0,94,0,0,0,0,0,0
"80",2006,40,0,0,98,84,0,162,83,103,0,0,0,0,0,0,0,0,0
"81",2006,41,0,0,226,302,297,152,0,285,88,213,0,0,95,0,91,0,0
"82",2006,42,0,0,270,0,564,199,1235,1354,356,98,226,113,300,0,31,0,0
"83",2006,44,0,0,0,418,323,567,458,380,0,0,260,156,65,0,0,0,0
"84",2006,45,0,0,0,235,733,99,0,0,299,246,149,0,0,93,0,0,112
"85",2006,46,0,0,48,0,0,0,0,0,0,0,0,0,0,0,0,0,0
"86",2006,47,0,77,284,89,0,148,127,228,0,0,0,0,0,0,0,0,0
"87",2006,48,213,409,1050,595,1861,982,1948,1267,993,455,81,562,422,384,70,0,0
"88",2006,49,207,0,75,235,585,578,133,532,273,249,0,0,0,0,0,0,0
"89",2006,50,0,0,39,0,0,0,0,0,0,0,0,0,0,0,0,69,0
"90",2006,51,0,0,782,1327,651,1017,751,1138,596,620,208,269,0,0,0,48,51
"91",2006,53,85,0,30,269,374,318,313,69,218,267,0,72,199,68,0,0,0
"92",2006,54,0,0,0,123,91,0,0,0,65,0,0,0,0,0,0,0,0
"93",2006,55,0,0,0,118,152,0,0,67,0,0,0,0,116,0,0,0,0
"94",2007,1,0,0,131,0,0,66,0,313,0,0,0,0,0,0,0,0,0
"95",2007,2,0,0,0,0,0,71,50,35,0,0,0,0,0,0,0,0,0
"96",2007,4,0,0,0,0,249,141,0,0,290,147,353,56,189,75,0,92,0
"97",2007,5,0,73,0,0,57,0,0,0,0,0,0,0,0,0,0,0,0
"98",2007,6,0,384,1936,2522,4731,3944,4158,2911,3179,2779,2257,771,1070,272,704,268,0
"99",2007,8,0,0,167,104,93,247,156,133,87,0,264,0,0,0,0,0,0
"100",2007,9,611,522,1169,1924,1905,3196,2914,3187,1488,188,398,109,108,83,57,0,0
"101",2007,10,0,20,204,119,0,0,326,0,0,14,0,0,0,0,0,0,0
"102",2007,11,0,135,0,200,0,98,86,53,58,220,173,0,84,162,0,152,119
"103",2007,12,1393,1292,5695,9438,9130,10558,7575,10349,8274,5039,1952,3123,1074,702,208,846,475
"104",2007,13,204,371,1301,2417,1591,1636,2917,1867,641,455,326,210,0,0,0,59,0
"105",2007,15,0,0,103,0,45,51,175,132,0,68,0,0,0,0,106,0,0
"106",2007,16,0,0,17,0,0,0,0,0,243,0,0,0,0,0,0,0,0
"107",2007,17,0,98,325,312,648,353,191,407,265,717,186,396,113,145,65,0,0
"108",2007,18,0,0,165,0,422,379,340,359,0,0,103,118,0,0,0,0,0
"109",2007,19,0,0,152,0,0,0,0,0,0,0,0,0,0,0,0,0,0
"110",2007,20,0,0,143,0,124,0,0,0,0,0,238,0,0,0,0,0,0
"111",2007,21,0,0,0,113,262,321,115,175,0,0,0,0,0,0,0,0,0
"112",2007,22,0,0,0,0,1149,199,593,885,91,359,84,0,0,0,0,0,0
"113",2007,23,0,0,0,0,0,0,0,0,139,0,0,0,0,0,0,0,0
"114",2007,24,0,220,602,1222,305,190,742,956,687,553,301,323,131,103,0,0,0
"115",2007,25,243,1484,4560,7291,12811,13074,9244,7858,6132,1797,1975,663,431,69,155,116,0
"116",2007,26,0,95,65,253,153,431,188,410,54,706,271,0,0,0,0,101,0
"117",2007,27,0,0,118,817,273,92,0,0,176,119,0,0,0,0,0,0,0
"118",2007,28,0,0,0,0,210,0,0,0,0,269,185,0,0,0,0,0,0
"119",2007,29,0,0,96,0,64,85,440,81,114,0,130,0,0,0,0,0,0
"120",2007,30,0,0,0,0,0,0,0,112,0,0,0,0,0,0,0,0,0
"121",2007,31,0,0,0,0,115,0,0,0,0,0,119,0,0,0,0,0,0
"122",2007,32,0,0,115,0,53,557,0,254,58,907,82,207,261,332,0,0,0
"123",2007,33,0,0,0,482,103,0,83,92,509,177,0,97,0,0,0,0,0
"124",2007,34,0,412,2501,3891,4341,4494,6519,5892,2772,2186,1976,1289,502,391,0,107,63
"125",2007,35,0,0,0,0,0,0,0,0,0,0,71,150,0,0,0,0,0
"126",2007,36,0,107,1246,1252,1834,3924,2973,3822,2935,2359,1680,433,708,863,203,520,68
"127",2007,37,0,135,260,318,313,497,210,183,207,212,173,58,175,0,0,97,0
"128",2007,38,0,0,0,0,69,0,0,0,0,0,0,0,0,0,0,0,0
"129",2007,39,0,0,102,114,544,148,85,0,89,393,64,0,95,92,0,0,0
"130",2007,40,0,0,100,608,146,114,0,95,0,35,0,0,0,0,0,0,0
"131",2007,41,0,0,81,80,326,0,70,296,337,0,169,0,0,0,0,0,0
"132",2007,42,192,72,130,1274,2034,1205,1002,962,117,91,0,109,161,0,0,0,0
"133",2007,44,0,201,452,143,194,198,0,160,181,75,60,0,0,0,0,0,0
"134",2007,45,0,392,593,526,350,217,0,397,108,0,0,0,75,0,0,0,0
"135",2007,47,0,0,12,68,0,84,145,54,75,0,0,0,0,88,0,0,0
"136",2007,48,0,601,1577,617,601,2052,783,1209,1132,506,221,266,278,0,0,350,0
"137",2007,49,0,107,109,671,514,179,550,240,237,195,0,0,75,56,0,0,88
"138",2007,51,0,106,978,99,261,254,258,554,179,361,234,71,88,126,24,0,0
"139",2007,53,0,0,185,0,291,340,164,99,161,170,0,0,245,0,0,0,0
"140",2007,54,0,0,196,0,0,0,0,167,0,0,0,0,0,0,0,0,0
"141",2007,55,0,0,213,68,0,0,0,0,0,0,0,0,0,0,0,134,0
"142",2007,56,0,0,0,0,0,0,55,0,0,0,0,0,0,0,0,0,0
"143",2008,1,0,0,121,176,119,0,0,0,0,0,0,0,0,0,0,0,57
"144",2008,2,0,0,0,0,0,0,0,138,0,0,0,0,0,0,0,0,0
"145",2008,4,0,0,128,112,0,320,111,60,124,85,120,0,58,61,91,0,68
"146",2008,5,0,0,87,136,0,0,178,95,114,64,83,0,0,0,0,156,0
"147",2008,6,91,141,1955,2737,4127,3818,3039,4763,2198,1865,1247,385,829,318,335,256,0
"148",2008,8,0,0,68,355,56,183,268,150,95,154,0,0,0,0,0,0,0
"149",2008,9,0,212,1603,2138,1679,2323,1034,1735,1583,649,450,367,176,0,0,77,0
"150",2008,11,0,0,0,0,0,0,70,165,240,0,0,0,0,0,0,0,0
"151",2008,12,293,446,6128,4061,7751,8157,8304,8585,7096,4449,3273,2499,1153,353,585,165,59
"152",2008,13,0,246,1643,638,1522,1320,2604,1406,955,1397,286,122,0,0,0,74,0
"153",2008,15,0,212,451,311,0,0,198,52,96,0,71,0,0,0,0,0,0
"154",2008,16,0,0,0,0,0,0,199,285,0,0,0,0,0,0,0,0,0
"155",2008,17,0,0,303,602,596,292,1008,1365,495,501,106,174,0,0,103,0,0
"156",2008,18,0,0,0,0,896,93,207,0,0,77,74,0,0,0,95,0,0
"157",2008,19,0,0,0,143,85,92,0,0,206,0,0,0,0,0,0,0,0
"158",2008,20,0,0,33,0,63,0,0,0,0,0,0,0,0,0,0,0,0
"159",2008,21,0,0,254,78,0,0,102,498,224,0,0,0,0,0,0,0,0
"160",2008,22,0,0,327,120,0,282,454,231,248,616,0,0,0,0,0,0,0
"161",2008,23,0,0,92,0,0,0,0,0,0,52,0,0,0,0,128,0,0
"162",2008,24,0,336,419,439,413,483,587,284,701,614,216,13,0,144,0,0,0
"163",2008,25,107,1720,6640,7311,9358,12221,11550,9989,4179,4790,1592,565,370,298,195,0,197
"164",2008,26,107,0,207,68,0,739,181,170,111,0,174,0,0,0,0,0,0
"165",2008,27,0,0,35,413,397,160,0,0,112,111,0,0,0,0,0,0,0
"166",2008,28,0,0,0,0,0,0,0,0,0,0,0,0,88,0,0,0,0
"167",2008,29,0,0,0,0,30,743,115,308,0,131,0,0,77,0,0,0,0
"168",2008,30,0,0,0,693,0,0,0,0,0,0,0,0,0,0,0,0,0
"169",2008,32,0,0,0,0,205,256,182,378,423,83,237,67,0,122,61,58,0
"170",2008,33,0,0,492,417,1177,189,313,579,224,0,0,0,0,0,0,0,0
"171",2008,34,214,610,2043,4227,3652,2697,3794,4069,3560,2382,1397,682,486,168,160,54,0
"172",2008,35,0,0,0,0,0,110,0,370,0,0,0,0,0,0,0,0,0
"173",2008,36,386,154,3776,3487,2606,2678,3907,3845,2810,2465,1408,1379,406,133,369,0,655
"174",2008,37,0,0,356,121,773,1040,544,434,757,249,60,0,357,0,63,0,0
"175",2008,39,0,0,19,1177,91,721,293,335,52,75,179,81,0,0,169,145,0
"176",2008,40,0,0,378,110,108,167,0,399,0,0,0,0,0,0,0,0,0
"177",2008,41,0,0,30,0,178,207,70,463,312,89,156,220,0,0,0,0,0
"178",2008,42,0,88,602,1699,694,1523,1409,173,507,239,199,317,140,0,666,0,0
"179",2008,44,0,0,148,0,73,96,0,65,679,0,65,0,0,272,0,154,0
"180",2008,45,0,199,202,589,518,546,146,462,116,585,0,0,51,0,0,0,0
"181",2008,46,0,0,0,10,0,10,0,0,0,0,132,0,0,0,0,0,0
"182",2008,47,0,0,143,411,30,549,0,292,186,443,0,110,0,0,0,0,0
"183",2008,48,158,70,1814,1598,1121,1291,1680,838,1837,1209,504,60,133,284,172,50,0
"184",2008,49,0,0,294,789,130,0,774,781,288,635,0,0,0,0,0,0,0
"185",2008,50,0,0,0,0,0,0,40,193,0,0,0,0,0,0,0,0,0
"186",2008,51,0,188,131,183,531,215,530,433,397,158,350,188,112,136,0,78,0
"187",2008,53,0,99,660,191,687,254,156,776,308,344,0,79,0,99,0,0,0
"188",2008,55,0,0,0,119,89,178,390,36,121,0,0,0,0,0,0,0,0
"189",2009,1,0,59,125,0,129,62,188,76,0,0,0,88,0,0,0,76,0
"190",2009,2,0,92,100,0,0,0,0,105,48,0,48,88,0,0,0,0,0
"191",2009,4,0,0,286,100,393,177,72,439,110,147,0,0,0,74,0,0,0
"192",2009,5,0,0,0,0,99,0,0,0,137,0,0,0,0,0,0,0,0
"193",2009,6,148,149,2683,2590,2293,3776,4564,2982,2578,2405,1224,874,922,437,0,197,651
"194",2009,8,0,0,48,734,35,564,1108,0,0,115,101,0,87,0,0,0,0
"195",2009,9,504,209,1774,1398,2140,3169,2563,2561,879,410,663,107,0,0,229,0,0
"196",2009,11,0,0,0,0,0,97,0,338,0,78,249,0,0,0,0,0,0
"197",2009,12,446,1928,8570,5915,9778,10819,7907,8971,9406,4341,2750,2269,1543,719,482,156,187
"198",2009,13,92,0,2840,724,1579,1562,1871,2250,1674,464,219,245,270,207,0,0,0
"199",2009,15,0,0,0,157,0,409,0,184,213,0,0,0,0,63,0,0,0
"200",2009,16,0,0,0,0,0,0,98,0,0,112,0,0,0,0,0,0,0
"201",2009,17,0,80,0,65,316,996,290,422,447,391,246,0,58,0,0,0,0
"202",2009,18,0,0,122,140,331,128,278,161,226,0,0,0,0,0,0,0,0
"203",2009,19,0,0,0,0,0,0,115,160,88,0,74,175,0,107,0,0,0
"204",2009,20,0,0,137,189,0,423,0,0,349,0,0,0,0,0,0,0,0
"205",2009,21,0,0,42,0,562,207,69,106,79,22,0,0,0,25,0,0,0
"206",2009,22,0,264,434,319,754,788,665,197,262,269,0,0,86,0,0,0,0
"207",2009,23,0,0,0,88,0,228,0,0,0,0,0,0,0,0,0,0,0
"208",2009,24,0,0,471,416,764,1427,729,1164,835,469,563,152,159,563,172,0,0
"209",2009,25,444,398,5699,6117,12362,10475,9283,9577,7236,4574,1755,894,116,572,0,0,0
"210",2009,26,0,93,338,107,367,406,303,201,182,176,175,160,92,127,0,0,0
"211",2009,27,0,0,0,540,313,514,278,182,180,117,92,0,0,0,0,0,27
"212",2009,28,0,0,0,0,45,0,0,0,0,0,0,0,0,0,0,0,0
"213",2009,29,0,122,119,280,279,198,231,0,76,77,0,0,0,0,0,0,0
"214",2009,30,0,0,0,50,0,0,0,0,0,0,0,0,0,0,0,0,0
"215",2009,31,0,0,0,407,0,222,29,79,0,0,115,0,0,0,0,0,0
"216",2009,32,0,0,89,0,81,302,189,77,128,128,116,70,125,0,0,0,0
"217",2009,33,0,392,270,953,372,488,81,573,902,874,0,0,0,129,0,0,0
"218",2009,34,0,155,1560,3424,4206,6322,5193,5017,2867,1191,2492,1057,265,213,149,221,0
"219",2009,35,0,0,0,223,0,0,0,0,47,51,0,0,0,0,0,0,0
"220",2009,36,79,398,1278,3596,2630,3041,3438,2270,3924,1091,1559,723,796,351,14,239,0
"221",2009,37,63,489,180,304,679,1029,1126,218,282,270,154,0,330,62,0,77,0
"222",2009,39,0,161,292,289,189,0,1103,340,152,85,147,0,0,0,82,0,0
"223",2009,40,0,0,0,86,0,0,0,0,0,85,71,0,0,0,0,0,0
"224",2009,41,0,0,0,0,0,111,0,192,79,92,206,91,121,0,0,0,0
"225",2009,42,163,0,910,1218,1662,1719,1608,247,417,915,63,0,0,87,82,0,0
"226",2009,44,0,0,61,0,0,190,66,0,0,233,164,0,0,0,0,0,0
"227",2009,45,0,0,89,90,553,476,37,23,517,303,0,0,0,0,53,0,0
"228",2009,46,0,0,0,49,0,0,0,0,0,0,0,0,0,0,0,0,0
"229",2009,47,0,0,0,0,370,61,85,0,0,119,0,0,0,0,53,0,0
"230",2009,48,190,168,1442,1053,2362,2385,1608,1557,1963,1037,615,209,386,99,0,0,0
"231",2009,49,0,0,647,0,405,166,0,316,85,555,173,72,0,88,0,0,0
"232",2009,50,0,0,0,0,0,0,0,0,0,0,0,42,0,0,0,0,0
"233",2009,51,0,104,183,627,195,793,1277,522,517,772,531,132,66,0,0,0,0
"234",2009,53,0,0,161,390,1430,374,844,298,289,119,0,0,0,0,0,0,0
"235",2009,54,0,0,128,0,0,0,0,212,0,68,0,0,0,0,0,0,0
"236",2009,55,0,0,36,0,0,154,0,143,50,0,0,118,0,0,0,0,0
"237",2010,1,0,0,91,387,1116,85,105,0,125,283,0,0,0,0,0,0,0
"238",2010,2,0,0,0,0,0,0,0,0,99,0,0,0,0,0,0,0,0
"239",2010,4,74,0,86,350,328,48,299,235,71,73,77,96,0,0,0,0,0
"240",2010,5,0,209,673,0,0,0,294,0,0,587,0,0,0,0,0,0,0
"241",2010,6,192,398,2442,1138,5600,4583,3977,4069,3357,1642,1839,408,1298,187,179,244,76
"242",2010,8,0,70,70,0,71,372,63,284,362,150,77,0,74,0,0,0,0
"243",2010,9,0,0,1302,839,2500,3019,3045,1785,1908,1031,1088,789,282,136,0,0,34
"244",2010,10,0,0,0,0,403,0,0,83,0,0,0,207,0,99,0,0,0
"245",2010,11,0,0,0,0,133,81,79,129,0,161,102,111,0,0,0,0,0
"246",2010,12,550,851,3701,4968,5621,9325,7481,8180,9327,6589,4247,2742,1727,607,757,103,404
"247",2010,13,0,100,658,1107,896,1679,1150,1229,924,1037,943,563,203,0,0,0,0
"248",2010,15,0,0,0,0,82,0,28,411,390,105,0,0,0,0,0,0,0
"249",2010,16,0,0,0,0,227,0,91,89,0,0,275,0,0,0,0,0,117
"250",2010,17,99,198,288,329,546,561,650,753,173,796,87,56,228,0,0,0,103
"251",2010,18,0,0,0,0,0,0,205,189,0,0,0,0,0,0,0,0,0
"252",2010,19,0,81,101,0,0,163,115,0,0,0,0,0,0,0,0,0,0
"253",2010,20,0,0,0,72,123,224,0,107,141,0,354,0,0,0,0,0,0
"254",2010,21,102,106,116,96,0,140,472,0,0,0,219,0,0,0,0,0,0
"255",2010,22,0,0,262,0,305,1119,407,518,0,93,121,0,0,0,0,0,0
"256",2010,23,0,0,0,84,405,0,0,0,139,0,0,0,0,0,0,0,0
"257",2010,24,0,118,376,515,204,725,1262,859,597,528,465,382,215,252,467,375,322
"258",2010,25,352,953,4846,4242,11111,13846,10547,11251,8291,4220,2144,743,0,322,176,0,0
"259",2010,26,0,0,413,858,733,331,373,131,21,305,101,0,0,320,86,0,0
"260",2010,27,0,0,24,135,810,712,0,0,151,40,0,0,0,0,0,0,0
"261",2010,28,0,0,0,0,0,0,0,129,61,0,0,0,0,0,0,0,0
"262",2010,29,0,0,124,170,472,0,85,114,535,151,0,0,108,0,0,0,0
"263",2010,30,0,0,0,0,0,266,0,0,0,0,0,0,0,0,0,0,0
"264",2010,31,0,0,0,0,107,0,0,0,0,0,0,0,0,0,0,0,0
"265",2010,32,0,76,0,0,73,196,81,271,242,0,0,0,0,217,266,0,0
"266",2010,33,0,0,0,124,77,354,0,0,0,0,0,0,0,0,0,0,0
"267",2010,34,0,335,2392,2103,4118,4041,6230,3953,3183,2386,1890,1304,643,116,148,0,0
"268",2010,35,0,0,0,0,171,0,0,238,72,0,0,58,0,0,27,43,0
"269",2010,36,74,56,579,1070,2766,3692,3491,1466,3363,2266,1154,786,485,151,199,204,337
"270",2010,37,0,92,892,291,178,711,826,490,438,410,81,86,77,0,77,72,178
"271",2010,39,0,288,281,290,38,274,229,508,149,117,185,158,0,0,46,0,0
"272",2010,40,0,0,0,0,0,127,209,0,197,0,0,0,0,0,0,0,0
"273",2010,41,0,0,75,83,0,0,315,0,106,0,0,0,0,82,0,0,0
"274",2010,42,0,0,1079,926,1564,1283,154,1676,634,390,726,0,333,0,0,0,107
"275",2010,44,0,0,61,80,88,279,0,132,276,200,159,0,0,0,79,0,0
"276",2010,45,0,0,100,287,395,940,0,185,143,443,91,62,0,235,0,0,0
"277",2010,47,0,0,0,223,0,63,267,103,160,81,0,88,0,0,0,0,0
"278",2010,48,0,119,1632,1657,1909,1719,1091,1183,2239,708,532,291,552,0,109,0,0
"279",2010,49,273,190,447,579,1047,395,394,260,292,435,0,0,82,0,74,0,0
"280",2010,50,0,0,0,0,0,0,0,0,0,0,0,196,84,0,0,0,0
"281",2010,51,0,0,207,267,171,646,497,325,259,322,194,61,0,73,0,0,0
"282",2010,53,0,0,302,0,368,659,706,86,720,84,97,65,187,0,0,0,0
"283",2010,54,0,0,0,0,0,0,0,0,0,0,0,0,0,124,0,0,0
"284",2010,55,0,0,103,105,466,0,350,253,24,86,133,0,0,0,109,0,0
"285",2011,1,0,0,14,0,235,68,570,442,0,360,98,0,128,69,0,0,0
"286",2011,4,0,185,43,0,242,147,185,225,177,126,248,71,32,207,277,0,0
"287",2011,5,0,0,78,0,46,293,0,0,0,0,0,0,0,0,0,0,0
"288",2011,6,492,78,1551,2950,5912,3981,2885,3546,3286,2965,1226,545,502,482,133,155,1105
"289",2011,8,0,0,128,57,0,245,768,189,94,0,0,80,0,0,0,0,0
"290",2011,9,0,218,471,571,1455,2093,1245,1710,2013,701,604,165,78,218,157,0,0
"291",2011,10,0,0,0,0,0,669,0,0,562,0,0,0,0,0,0,0,116
"292",2011,11,0,0,0,0,238,347,56,220,72,0,0,146,0,0,0,0,0
"293",2011,12,0,860,5973,4067,7104,8105,9211,9136,8020,4660,4134,3532,1679,704,761,91,379
"294",2011,13,192,293,73,613,1794,537,2046,161,825,907,306,213,0,0,0,0,0
"295",2011,15,168,0,388,285,223,28,0,267,89,0,0,0,0,0,0,0,0
"296",2011,16,0,0,0,0,0,0,0,0,79,0,0,0,0,0,0,0,0
"297",2011,17,0,98,179,184,589,497,532,0,178,505,408,398,188,0,0,0,0
"298",2011,18,0,0,228,203,482,0,79,0,381,180,171,0,0,0,0,0,74
"299",2011,19,0,0,131,0,0,0,0,0,0,62,0,0,0,0,0,0,0
"300",2011,20,0,0,152,0,0,0,249,0,173,0,19,0,0,0,0,0,0
"301",2011,21,0,0,0,0,151,0,0,298,0,0,0,0,0,0,0,0,0
"302",2011,22,0,0,194,0,41,132,148,21,106,0,51,17,18,0,0,0,0
"303",2011,23,0,0,0,0,0,76,39,0,90,0,0,0,0,0,0,0,0
"304",2011,24,0,134,1819,462,878,992,1859,2722,1275,164,437,136,457,157,52,0,0
"305",2011,25,154,309,4983,4614,7457,12252,9350,8923,7262,3510,1867,1165,612,128,342,53,115
"306",2011,26,0,125,1198,57,116,943,134,218,1034,496,0,0,89,109,0,0,0
"307",2011,27,295,0,0,0,704,812,603,499,0,0,0,268,0,0,0,0,0
"308",2011,28,0,0,0,0,120,152,0,0,0,0,0,0,0,0,0,0,0
"309",2011,29,0,110,388,1640,103,0,45,275,0,0,0,106,0,0,0,0,0
"310",2011,30,0,0,0,0,0,72,0,0,0,0,0,0,0,36,0,0,0
"311",2011,31,0,0,111,94,0,535,197,0,0,0,0,0,0,0,0,0,0
"312",2011,32,0,0,236,0,595,178,0,0,238,156,156,55,0,0,73,0,0
"313",2011,33,0,0,362,0,0,492,0,449,965,97,0,71,0,0,0,0,0
"314",2011,34,345,135,1202,2313,3973,2511,4995,3302,3745,4010,1133,1444,418,391,62,130,0
"315",2011,35,0,0,0,0,0,35,0,105,0,0,0,0,0,0,0,0,0
"316",2011,36,174,69,1615,1670,2223,2764,3571,2049,2720,2071,2299,640,876,236,718,509,164
"317",2011,37,0,0,609,0,373,493,543,524,690,288,280,24,0,0,31,0,0
"318",2011,39,0,0,351,0,45,104,0,232,70,0,63,43,93,0,0,0,0
"319",2011,40,0,0,0,0,317,0,86,183,0,396,0,0,0,0,0,0,0
"320",2011,41,0,0,0,0,0,104,210,81,0,70,233,0,0,0,0,0,0
"321",2011,42,0,322,568,1084,2244,1263,832,540,1472,1082,227,175,25,177,134,171,0
"322",2011,44,0,150,602,674,258,199,450,253,407,386,164,178,73,46,0,0,0
"323",2011,45,0,0,0,0,0,1148,222,82,0,480,0,67,0,0,0,0,0
"324",2011,46,0,0,33,0,0,0,0,0,0,0,0,0,0,0,0,0,0
"325",2011,47,100,0,533,182,0,237,275,87,306,172,107,0,0,0,0,0,0
"326",2011,48,0,447,348,333,978,1642,2878,1262,1511,771,191,864,190,348,195,0,0
"327",2011,49,0,0,0,50,372,79,0,205,184,0,57,127,0,245,0,0,0
"328",2011,50,0,0,0,0,0,376,0,0,0,0,273,27,0,0,0,0,0
"329",2011,51,81,126,945,961,1875,222,386,1257,261,1085,609,253,184,250,85,0,95
"330",2011,53,0,0,139,335,131,317,604,308,447,228,480,0,94,0,0,0,109
"331",2011,54,0,0,0,0,219,0,131,74,0,0,0,0,0,0,0,0,0
"332",2011,55,0,0,0,85,20,259,0,0,55,0,0,0,0,0,0,0,0
"333",2012,1,0,0,130,0,0,0,0,0,0,0,0,0,0,0,0,0,0
"334",2012,2,0,0,0,0,0,0,0,0,63,0,0,0,0,0,0,0,0
"335",2012,4,0,145,186,389,527,745,340,327,0,114,150,0,67,46,0,0,0
"336",2012,5,0,0,0,0,0,0,124,0,0,0,0,0,0,0,0,0,0
"337",2012,6,245,276,1379,1542,4362,7459,3919,4281,3829,3401,1535,1048,1442,944,152,350,384
"338",2012,8,0,0,0,0,0,755,601,59,0,890,67,296,0,0,0,0,0
"339",2012,9,0,0,322,405,2004,2356,2249,2266,2904,1144,1134,110,0,0,0,0,0
"340",2012,10,0,0,0,14,0,0,0,64,115,150,0,0,0,0,0,0,0
"341",2012,11,0,0,0,312,205,288,187,231,59,51,80,0,0,0,508,0,0
"342",2012,12,660,1215,4156,4162,5545,8413,7477,6011,8322,5367,3889,1525,3224,1394,848,310,422
"343",2012,13,0,0,1193,435,1140,1227,1411,793,751,1706,298,331,0,0,0,0,0
"344",2012,15,0,0,154,113,0,48,230,330,0,0,169,135,162,0,0,0,0
"345",2012,16,0,0,0,309,373,66,0,0,59,0,0,0,0,0,0,0,0
"346",2012,17,0,0,1489,617,312,858,222,815,513,557,163,0,239,0,259,0,187
"347",2012,18,0,0,131,51,701,0,121,0,15,81,113,163,0,0,0,73,0
"348",2012,19,0,0,0,0,268,628,0,0,238,0,0,0,0,0,0,0,0
"349",2012,20,0,0,0,0,0,88,0,0,0,0,0,0,91,0,0,0,0
"350",2012,21,0,0,0,208,0,72,0,0,0,0,0,0,0,0,0,0,0
"351",2012,22,0,37,38,0,753,308,303,111,0,0,0,13,0,0,0,0,0
"352",2012,23,0,0,23,0,0,0,139,0,0,0,0,0,0,0,0,0,0
"353",2012,24,968,269,786,403,2313,517,1353,509,846,690,355,267,112,0,0,0,55
"354",2012,25,0,460,5238,3633,8347,8828,5974,7441,4218,5018,3550,760,663,979,0,0,0
"355",2012,26,0,0,606,254,600,466,955,375,226,82,999,0,0,0,0,0,0
"356",2012,27,0,0,0,117,200,257,272,114,0,185,0,0,0,0,0,0,0
"357",2012,28,0,0,0,125,0,98,0,0,0,68,52,0,0,0,0,0,0
"358",2012,29,0,0,0,458,0,225,120,37,100,91,81,0,0,0,0,0,0
"359",2012,31,0,0,0,0,0,0,0,0,0,0,261,0,0,227,0,0,0
"360",2012,32,0,0,261,0,229,285,198,204,0,140,214,64,64,0,0,0,0
"361",2012,33,0,0,65,243,111,383,76,581,0,47,133,45,0,0,0,0,0
"362",2012,34,0,378,2941,2491,3001,4825,2296,3247,2833,2881,1613,773,878,680,233,247,47
"363",2012,35,0,0,0,0,0,174,0,191,0,157,0,0,0,0,0,0,0
"364",2012,36,0,0,299,691,2028,3238,3995,1981,3235,3110,2363,1257,347,1140,269,0,257
"365",2012,37,0,0,125,884,673,1046,422,165,491,507,665,0,0,0,176,0,0
"366",2012,38,0,0,0,0,183,0,0,26,0,0,0,0,0,0,0,0,0
"367",2012,39,0,0,84,0,143,0,876,182,0,396,48,0,0,0,0,0,0
"368",2012,40,0,0,0,0,216,32,52,0,131,126,0,0,0,0,0,0,0
"369",2012,41,0,0,0,71,485,189,616,0,104,58,55,0,0,0,142,296,102
"370",2012,42,0,245,461,689,1392,2666,1515,506,488,1618,178,246,450,214,0,325,296
"371",2012,44,0,0,0,0,71,131,0,65,0,0,0,0,0,0,0,0,0
"372",2012,45,138,120,353,153,307,540,702,191,280,204,102,0,0,0,0,0,0
"373",2012,46,0,0,23,0,0,131,0,0,0,76,0,0,0,0,0,0,0
"374",2012,47,0,0,0,41,0,193,45,0,54,173,0,0,0,0,0,0,0
"375",2012,48,100,659,640,325,1057,1641,1895,1617,1189,2987,352,141,205,0,0,54,230
"376",2012,49,0,0,298,614,0,598,216,529,428,557,268,105,0,0,0,0,0
"377",2012,50,0,0,60,38,0,0,138,0,0,59,0,0,0,0,0,0,0
"378",2012,51,0,0,606,0,754,566,543,497,236,224,0,261,169,93,0,14,357
"379",2012,53,0,0,0,409,290,557,758,414,257,396,108,0,0,0,0,0,0
"380",2012,54,0,0,0,0,0,163,0,0,0,0,0,0,0,0,0,0,54
"381",2012,55,0,0,267,0,0,0,156,0,305,54,0,0,0,0,0,0,0
"382",2012,56,0,0,0,0,0,0,0,0,45,54,0,0,0,0,0,0,0
"383",2013,1,0,0,134,38,0,0,0,172,364,64,0,0,0,0,0,0,0
"384",2013,2,0,0,113,0,0,235,0,95,111,0,0,0,0,0,0,0,0
"385",2013,4,33,0,54,0,71,358,385,136,350,296,41,53,108,0,0,0,0
"386",2013,5,0,0,124,0,0,90,120,0,0,0,0,0,0,0,0,0,0
"387",2013,6,182,336,1435,1913,2854,7291,6633,2234,3769,2227,2507,2152,580,648,585,132,186
"388",2013,8,0,226,67,613,365,173,345,305,211,73,0,74,0,82,0,0,0
"389",2013,9,0,0,501,914,1864,2894,1399,1304,2357,2171,749,525,392,60,0,0,0
"390",2013,10,0,0,172,0,0,0,0,0,68,0,0,0,0,0,0,0,0
"391",2013,11,0,658,329,44,0,72,611,129,244,384,0,0,89,68,0,0,134
"392",2013,12,474,819,4472,3564,6462,6933,8375,6980,6037,8069,5398,3511,3432,1081,958,542,1047
"393",2013,13,73,0,492,803,275,2089,799,726,1449,1051,661,193,420,91,0,0,0
"394",2013,15,0,0,0,0,0,297,0,0,72,151,93,0,0,0,0,0,0
"395",2013,16,0,0,0,0,102,0,73,0,0,0,0,0,0,0,0,0,0
"396",2013,17,0,0,254,513,221,186,250,476,1106,0,83,0,260,0,86,0,148
"397",2013,18,0,0,318,149,307,61,44,133,91,39,544,0,0,0,0,0,0
"398",2013,19,0,0,0,127,59,0,0,378,0,0,0,0,0,0,0,0,0
"399",2013,20,0,0,0,108,0,106,647,0,0,0,60,140,0,0,0,0,0
"400",2013,21,0,0,279,65,0,80,0,39,32,0,0,240,0,0,0,0,0
"401",2013,22,0,0,74,0,202,122,122,540,173,162,74,16,0,0,0,0,0
"402",2013,23,0,0,0,134,0,0,0,229,0,0,0,0,0,0,0,0,0
"403",2013,24,62,472,399,148,599,989,900,835,139,312,152,292,203,286,0,0,0
"404",2013,25,126,642,3146,3592,8588,12315,9251,9284,7570,3170,1861,962,608,358,265,48,0
"405",2013,26,0,95,44,238,189,140,197,575,200,106,179,36,86,111,0,0,0
"406",2013,27,0,0,294,102,457,340,271,0,52,96,0,0,0,0,0,0,0
"407",2013,29,181,111,26,30,85,0,22,349,260,76,0,0,0,234,0,0,0
"408",2013,30,0,0,124,298,0,0,0,0,0,194,0,0,0,0,0,0,0
"409",2013,31,0,0,0,0,0,0,173,106,0,0,0,0,0,0,0,0,0
"410",2013,32,0,0,117,310,430,447,64,231,0,78,0,0,63,0,111,0,0
"411",2013,33,0,0,0,0,125,107,346,472,427,0,64,0,0,254,0,0,0
"412",2013,34,0,230,1650,984,2447,4493,3349,5006,3568,2259,1331,2194,1005,643,106,326,51
"413",2013,35,0,0,0,0,130,0,104,0,0,0,210,121,0,0,0,0,0
"414",2013,36,255,182,1265,1344,2627,4916,4358,3139,4236,1885,1519,1053,640,925,200,396,373
"415",2013,37,0,63,49,674,117,979,554,517,0,205,208,93,0,132,0,74,52
"416",2013,38,0,0,0,805,55,0,0,0,0,0,0,0,0,0,0,0,0
"417",2013,39,224,0,95,645,128,333,341,258,338,657,136,0,0,51,193,0,0
"418",2013,40,0,0,0,0,0,0,0,0,0,39,279,0,0,0,0,0,0
"419",2013,41,0,0,174,101,0,291,205,191,238,694,107,95,0,0,169,0,0
"420",2013,42,0,0,47,74,806,1297,444,997,522,418,266,201,302,86,0,85,0
"421",2013,44,0,0,0,0,103,0,176,0,412,430,232,143,58,0,0,0,0
"422",2013,45,0,0,195,0,967,758,52,107,76,518,583,108,0,0,0,0,0
"423",2013,47,0,0,0,0,274,123,144,0,184,50,0,0,0,0,73,0,0
"424",2013,48,167,241,751,722,1371,1879,1061,1648,2056,1410,990,1413,311,417,335,0,0
"425",2013,49,0,62,255,313,543,199,369,367,302,537,132,115,145,0,400,89,0
"426",2013,50,0,0,0,0,0,0,0,257,0,0,0,0,0,52,0,0,0
"427",2013,51,0,62,0,165,243,1929,783,445,105,100,517,251,0,76,0,123,0
"428",2013,53,0,0,571,995,1383,337,138,301,1195,894,74,0,0,0,0,0,0
"429",2013,54,0,0,0,0,136,0,0,0,12,31,80,0,0,0,0,0,0
"430",2013,55,0,0,71,228,330,286,0,0,0,178,0,46,0,0,0,0,0
"431",2013,56,0,0,0,0,0,0,0,20,0,0,0,0,0,0,0,0,0
"432",2014,1,0,0,20,0,432,0,79,0,277,0,0,133,0,0,0,0,0
"433",2014,2,0,0,0,0,0,0,0,0,64,0,59,0,0,0,0,0,0
"434",2014,4,0,0,451,588,76,238,439,625,0,390,204,0,0,64,0,0,0
"435",2014,5,0,0,0,0,205,0,0,179,0,98,0,0,0,0,162,0,0
"436",2014,6,103,0,1114,2203,2941,3931,5445,3642,3232,2899,2260,1915,1610,764,173,99,266
"437",2014,8,0,0,0,482,219,479,0,192,617,0,0,0,0,0,64,0,64
"438",2014,9,0,0,545,577,1863,1971,1444,2114,1226,1556,1546,133,280,341,52,137,0
"439",2014,10,0,0,65,0,0,0,37,0,0,19,0,0,0,0,0,0,0
"440",2014,11,0,0,0,248,102,59,0,0,0,318,70,82,0,145,46,0,51
"441",2014,12,160,1179,3754,3854,3765,5789,8387,5660,8330,9314,4706,3460,1873,2113,607,921,1076
"442",2014,13,0,0,494,667,168,306,811,1432,1193,1107,447,336,0,70,100,0,0
"443",2014,15,0,0,0,0,0,0,96,150,52,67,0,101,0,0,0,0,0
"444",2014,16,0,0,0,34,0,0,0,44,0,0,63,0,0,0,0,0,0
"445",2014,17,0,0,240,375,288,1318,356,447,545,114,166,189,206,0,0,0,0
"446",2014,18,146,0,0,202,105,8,135,0,133,99,153,28,0,0,0,0,0
"447",2014,19,0,0,57,154,0,0,397,0,0,0,0,0,0,0,0,0,0
"448",2014,20,0,0,133,0,0,0,28,186,258,0,0,0,0,0,0,0,0
"449",2014,21,0,0,0,429,0,135,0,14,0,0,0,0,0,0,0,0,0
"450",2014,22,0,0,0,445,1192,230,777,709,0,0,150,151,213,0,0,0,0
"451",2014,23,0,0,0,0,0,0,0,0,180,0,0,0,0,0,0,0,0
"452",2014,24,0,0,242,206,508,1504,94,904,660,585,398,219,259,59,0,0,0
"453",2014,25,100,343,3493,3309,6179,11116,9499,8582,4731,4451,3541,1133,701,293,196,0,60
"454",2014,26,264,0,203,249,657,672,1031,848,375,358,248,214,118,36,0,0,0
"455",2014,27,147,0,217,376,0,884,189,827,323,0,392,0,0,0,0,0,0
"456",2014,28,0,0,0,0,0,170,236,191,0,0,0,0,0,0,0,0,0
"457",2014,29,0,0,337,56,378,223,81,134,86,359,148,0,80,0,0,0,0
"458",2014,31,0,0,126,137,0,0,0,0,0,0,0,0,0,0,0,0,0
"459",2014,32,0,0,413,1156,787,230,847,0,173,294,380,0,96,0,0,0,0
"460",2014,33,0,0,10,0,1024,554,324,0,715,0,0,140,93,49,0,0,0
"461",2014,34,240,441,1854,1540,3658,4858,3477,3682,3533,2733,1778,928,675,269,511,280,0
"462",2014,35,0,0,174,73,0,0,307,297,0,109,68,185,0,0,85,0,0
"463",2014,36,725,0,1343,1812,1807,2630,2376,3295,2676,1533,1063,1736,403,314,63,148,0
"464",2014,37,0,42,417,356,269,552,643,750,768,692,503,0,126,0,0,328,0
"465",2014,38,0,0,311,65,0,0,391,0,0,0,0,0,0,0,0,0,0
"466",2014,39,0,0,265,1008,816,491,574,263,201,356,70,511,0,0,0,0,0
"467",2014,40,0,0,593,0,0,0,0,0,0,131,92,115,0,0,0,0,0
"468",2014,41,0,0,28,351,0,24,249,58,223,333,74,0,0,0,0,0,0
"469",2014,42,0,0,737,1192,3146,3021,1637,987,518,217,266,111,0,448,0,0,263
"470",2014,44,0,0,0,314,73,147,400,317,0,101,0,0,366,0,0,0,0
"471",2014,45,0,84,99,160,360,707,173,214,0,170,245,46,63,63,0,0,0
"472",2014,46,0,0,0,0,0,96,159,0,0,0,0,0,0,0,0,0,0
"473",2014,47,102,104,654,302,126,0,265,184,518,154,62,48,0,0,0,0,0
"474",2014,48,0,605,329,854,2457,2416,1574,1866,833,757,1585,769,113,198,205,74,0
"475",2014,49,0,79,450,280,256,307,449,150,202,77,0,121,0,55,45,91,0
"476",2014,51,0,0,0,272,269,933,451,190,509,948,226,0,17,96,71,0,64
"477",2014,53,0,0,111,0,615,339,427,226,0,78,175,0,123,0,0,0,0
"478",2014,54,0,0,0,73,0,0,0,0,270,0,0,0,0,0,0,0,0
"479",2014,55,0,0,0,576,0,504,0,45,0,0,60,0,0,0,33,0,0
"480",2014,56,0,0,22,0,0,0,0,0,0,0,0,0,76,0,0,0,0
"481",2015,1,0,0,0,0,0,299,0,141,81,0,0,0,0,0,0,0,0
"482",2015,2,0,0,0,0,0,0,0,0,0,44,0,0,0,0,0,0,0
"483",2015,4,0,0,87,0,124,0,116,177,187,88,109,0,224,0,0,113,0
"484",2015,5,0,0,0,95,0,0,0,0,0,0,0,0,0,0,0,0,0
"485",2015,6,651,473,2575,1814,4452,4528,4702,4869,3608,2317,2269,1049,457,453,789,137,445
"486",2015,8,0,0,133,632,194,307,150,460,286,183,163,0,110,193,0,0,0
"487",2015,9,0,64,921,508,1204,2305,2524,2301,1693,1269,708,715,676,527,182,0,0
"488",2015,10,0,0,565,157,0,55,69,170,0,51,172,61,0,0,0,0,0
"489",2015,11,0,0,172,88,54,358,44,0,0,0,0,0,0,0,0,0,0
"490",2015,12,362,850,4964,3870,6905,7871,9739,9579,7760,7355,4857,2981,2720,1901,2107,390,694
"491",2015,13,32,70,1318,2289,751,1162,1530,1740,1566,802,645,1263,82,80,80,0,0
"492",2015,15,0,0,107,208,276,161,54,180,236,0,279,0,0,0,0,0,0
"493",2015,16,0,0,103,387,86,74,0,0,0,80,0,0,0,0,0,0,0
"494",2015,17,200,0,162,1570,1413,1242,581,149,441,340,396,176,0,92,0,126,0
"495",2015,18,0,151,437,846,407,298,263,420,72,273,141,0,0,0,69,61,0
"496",2015,19,0,0,41,240,181,62,0,0,0,224,0,0,0,0,233,0,0
"497",2015,20,0,0,150,373,105,38,77,170,169,0,0,0,0,0,0,0,0
"498",2015,21,0,0,0,416,0,89,464,0,0,0,0,0,0,0,0,0,0
"499",2015,22,0,0,24,0,544,183,102,0,110,204,0,51,0,0,0,0,0
"500",2015,23,0,0,0,0,269,0,0,0,0,0,0,0,0,0,0,323,0
"501",2015,24,0,118,859,260,326,1560,1636,1758,278,862,375,545,0,234,190,0,0
"502",2015,25,207,317,1716,3849,3891,9862,12497,7299,8361,6401,2849,1416,1126,628,466,134,0
"503",2015,26,0,0,778,212,247,1071,435,250,208,256,119,584,0,120,124,95,0
"504",2015,27,0,0,32,338,117,291,123,164,16,37,134,80,0,0,0,0,0
"505",2015,28,0,0,0,116,0,0,0,116,0,0,0,0,0,84,0,0,0
"506",2015,29,0,0,60,0,191,108,0,0,217,1182,0,0,0,0,0,0,0
"507",2015,31,0,0,0,205,0,0,0,0,0,0,0,0,0,0,65,0,0
"508",2015,32,0,0,0,216,740,0,448,438,466,466,295,180,0,0,0,40,0
"509",2015,33,309,0,380,0,102,562,352,0,142,153,234,0,0,0,0,0,0
"510",2015,34,0,184,683,1148,4222,2353,4781,3192,2563,2661,1554,1076,924,155,61,92,406
"511",2015,35,0,0,0,0,0,0,0,202,71,0,0,0,0,0,0,0,11
"512",2015,36,0,33,161,1277,1469,2351,1598,2361,2856,2185,2796,1079,902,643,636,257,109
"513",2015,37,0,0,393,148,274,586,1046,385,617,742,713,398,0,271,0,68,73
"514",2015,38,0,0,191,145,0,41,0,0,0,0,0,0,0,0,0,0,0
"515",2015,39,200,201,357,762,657,1090,430,361,175,242,0,0,225,62,0,0,0
"516",2015,40,0,0,0,43,83,0,0,0,0,0,0,0,0,0,0,0,0
"517",2015,41,0,0,0,504,225,260,0,327,210,215,0,111,51,0,0,130,0
"518",2015,42,0,0,458,414,355,1837,885,1000,236,689,180,0,0,0,0,0,0
"519",2015,44,0,0,0,0,0,77,82,253,0,0,112,0,0,0,0,0,0
"520",2015,45,0,0,186,204,456,842,239,618,298,75,122,0,108,97,0,0,0
"521",2015,47,0,0,0,0,56,145,169,0,0,64,0,0,0,0,0,0,0
"522",2015,48,122,287,1119,2173,2721,2047,2424,2163,1118,2183,976,1080,555,189,142,73,0
"523",2015,49,0,0,0,231,143,1093,482,167,137,99,269,166,283,0,0,0,0
"524",2015,50,0,0,0,0,0,0,0,0,0,0,0,0,74,0,0,0,0
"525",2015,51,0,0,357,264,790,1548,844,523,1121,737,349,483,107,78,45,124,0
"526",2015,53,0,0,995,342,196,647,207,551,225,360,118,82,136,82,0,0,0
"527",2015,54,0,0,87,0,0,43,0,0,0,0,0,0,83,0,0,0,0
"528",2015,55,0,0,279,314,317,31,0,61,0,146,0,41,0,0,0,0,0
"529",2016,1,120,0,0,0,188,0,0,0,0,0,0,0,0,0,0,0,0
"530",2016,2,0,0,0,0,0,0,0,0,0,147,0,0,0,0,0,0,0
"531",2016,4,0,0,742,193,81,86,234,339,414,228,391,185,0,0,0,0,0
"532",2016,5,0,0,319,50,0,0,72,0,0,0,0,0,0,0,0,0,0
"533",2016,6,304,325,2026,3164,5188,5021,8583,4909,4528,4077,2438,2109,1651,1159,62,560,202
"534",2016,8,0,0,98,181,345,582,136,243,56,304,51,54,209,0,0,0,0
"535",2016,9,630,0,863,977,1480,2135,2879,3181,1902,4769,1512,994,67,269,143,58,0
"536",2016,10,0,0,0,0,212,0,0,0,0,0,0,0,0,0,0,0,0
"537",2016,11,0,0,0,285,0,64,0,438,39,253,0,229,86,141,0,0,0
"538",2016,12,1450,1797,6164,2493,6552,10472,13218,9044,6863,7827,5820,4242,3756,1780,1206,242,609
"539",2016,13,0,741,226,887,1687,2487,2187,315,766,1706,391,602,307,0,57,0,0
"540",2016,15,0,224,0,158,159,528,17,226,71,0,0,0,0,76,0,0,0
"541",2016,16,0,0,320,511,0,0,120,0,0,0,0,0,0,0,0,0,0
"542",2016,17,0,77,179,698,301,592,859,754,550,177,343,232,128,18,83,242,0
"543",2016,18,0,0,200,309,98,73,0,0,347,69,0,62,119,0,0,0,0
"544",2016,19,0,0,0,0,178,0,0,0,75,0,0,0,0,0,0,0,0
"545",2016,20,0,0,132,0,219,114,86,0,277,249,12,0,0,0,0,0,0
"546",2016,21,0,0,0,0,152,445,0,283,0,68,0,0,157,0,0,0,0
"547",2016,22,0,140,77,368,786,341,277,27,178,0,16,51,58,0,0,0,0
"548",2016,23,0,0,0,0,324,0,144,0,0,0,0,0,0,89,0,0,0
"549",2016,24,346,0,825,319,714,904,2058,1398,899,892,532,231,284,86,520,151,0
"550",2016,25,1171,776,1852,2911,7210,11980,9811,6549,8120,8056,4942,2511,2366,274,265,562,198
"551",2016,26,106,304,347,225,1318,525,769,716,213,439,86,218,59,92,0,0,0
"552",2016,27,589,0,78,168,764,36,293,10,489,0,43,0,0,0,0,0,0
"553",2016,28,0,0,0,0,450,0,0,0,0,0,0,0,0,0,0,0,0
"554",2016,29,0,0,168,175,295,220,182,253,288,14,16,0,0,0,0,149,0
"555",2016,30,0,0,0,53,0,0,0,0,0,0,0,0,0,0,16,0,0
"556",2016,31,0,0,0,0,187,0,0,0,0,0,0,115,0,0,0,0,0
"557",2016,32,0,0,135,0,0,22,411,553,75,0,216,135,63,305,0,0,0
"558",2016,33,0,0,297,0,1002,0,130,69,521,0,69,234,44,0,0,0,0
"559",2016,34,0,303,1038,2290,2245,2073,4271,4425,3220,3794,2083,1308,300,332,210,65,206
"560",2016,35,0,0,0,0,0,207,610,156,70,87,0,131,0,0,0,0,0
"561",2016,36,0,143,415,1464,2335,2632,3452,3565,1855,2314,2836,2736,516,1054,202,78,34
"562",2016,37,0,120,107,901,334,537,470,1203,740,644,271,512,247,0,92,0,0
"563",2016,38,0,0,0,0,0,0,0,0,0,0,54,0,0,0,0,0,0
"564",2016,39,0,0,0,0,170,773,61,61,115,102,15,218,261,0,0,0,0
"565",2016,40,0,0,0,110,316,0,0,127,269,0,0,127,0,0,0,0,0
"566",2016,41,165,0,0,349,278,405,614,206,306,131,180,114,123,0,0,91,0
"567",2016,42,165,985,513,506,1774,1330,2527,1712,843,466,726,844,327,0,164,0,191
"568",2016,44,0,0,0,0,385,203,0,0,166,192,289,63,52,102,0,0,0
"569",2016,45,0,294,73,0,320,393,250,583,665,198,216,140,0,0,73,0,36
"570",2016,47,0,0,27,136,69,75,86,0,0,288,147,108,0,94,204,89,0
"571",2016,48,312,398,957,1317,1934,2680,2317,2066,1635,1510,1363,926,254,0,107,0,0
"572",2016,49,0,0,472,716,212,930,199,972,464,241,288,90,121,0,0,102,0
"573",2016,50,0,0,59,0,0,0,0,0,0,0,0,0,0,0,0,0,0
"574",2016,51,0,60,613,601,659,423,488,802,688,512,808,75,212,38,69,146,0
"575",2016,53,0,0,0,95,627,544,1162,66,382,46,214,184,0,103,0,16,0
"576",2016,54,0,0,0,119,0,174,221,0,0,0,0,0,0,0,0,0,0
"577",2016,55,0,83,83,285,0,112,0,246,84,119,316,57,0,0,0,0,0
"578",2016,56,0,0,0,0,75,0,0,0,0,0,0,0,0,36,0,0,0
"579",2017,1,0,288,285,0,0,60,525,265,227,35,0,43,0,53,0,0,0
"580",2017,2,0,0,0,0,0,0,0,73,136,0,0,0,0,0,0,0,0
"581",2017,4,300,37,190,177,292,716,223,143,132,247,160,180,126,54,0,0,0
"582",2017,5,0,0,225,272,93,0,92,43,284,0,0,0,63,0,0,0,0
"583",2017,6,313,583,2706,3038,7328,5707,5189,7554,5438,3606,2489,2339,1661,408,292,434,333
"584",2017,8,0,68,0,461,146,214,325,57,83,58,129,33,196,0,0,0,0
"585",2017,9,95,236,780,643,1531,2034,3513,2236,1312,1133,1221,910,150,0,90,0,160
"586",2017,10,0,0,0,67,104,0,0,885,0,59,0,0,0,0,72,0,0
"587",2017,11,0,0,0,18,62,364,362,230,171,0,0,0,181,0,91,0,0
"588",2017,12,2359,3506,8573,5078,6350,11442,15047,15696,11023,12076,8995,5962,2692,2609,1537,443,1088
"589",2017,13,182,428,1160,673,964,2031,1597,2498,1585,978,732,563,208,186,200,0,0
"590",2017,15,0,0,68,0,833,0,56,53,96,0,58,0,0,0,0,0,129
"591",2017,16,0,0,0,274,73,0,82,29,0,0,0,0,0,0,0,0,0
"592",2017,17,138,123,429,523,0,1145,1080,988,1128,488,1229,255,294,0,221,0,0
"593",2017,18,0,0,0,537,561,373,190,117,14,160,97,0,0,0,0,0,0
"594",2017,19,0,0,0,0,182,0,630,428,0,0,0,0,310,0,0,0,0
"595",2017,20,0,0,355,133,0,182,718,504,133,172,141,0,0,97,0,0,0
"596",2017,21,0,0,0,349,70,20,189,281,294,240,193,301,0,0,0,0,0
"597",2017,22,0,0,499,76,0,384,341,387,426,0,0,0,0,0,0,0,0
"598",2017,23,0,0,0,201,246,0,463,196,0,190,0,0,0,0,0,0,0
"599",2017,24,140,0,160,754,679,633,842,711,721,669,1210,22,196,244,115,0,115
"600",2017,25,1540,1687,6158,2470,7619,13100,12260,9663,7348,8735,4769,3350,861,639,349,0,205
"601",2017,26,142,178,503,1263,655,889,652,612,587,84,56,0,0,0,0,24,0
"602",2017,27,0,0,142,25,0,178,386,432,129,664,162,853,0,0,0,0,0
"603",2017,28,0,0,25,193,0,71,78,149,0,0,0,105,0,0,0,0,0
"604",2017,29,211,370,961,217,281,635,963,659,813,0,0,125,0,180,0,0,0
"605",2017,30,0,0,0,0,87,157,0,0,0,0,0,0,0,0,0,0,0
"606",2017,31,0,0,44,0,0,0,143,0,0,0,0,0,0,0,0,134,0
"607",2017,32,0,244,769,123,822,565,526,690,495,100,0,57,227,0,136,59,61
"608",2017,33,0,0,0,0,569,218,237,0,67,96,69,170,0,173,0,0,0
"609",2017,34,0,432,1029,1277,2400,5233,4573,4027,2275,2486,1935,1665,787,605,967,157,37
"610",2017,35,0,0,0,0,0,203,106,0,91,0,0,0,0,59,0,0,0
"611",2017,36,0,129,1012,1122,2265,3467,2557,2758,2313,2867,2168,1812,447,598,321,45,0
"612",2017,37,0,321,203,1073,995,642,293,1075,1604,530,281,65,24,151,35,0,0
"613",2017,38,0,0,0,0,13,0,0,0,0,0,0,0,0,71,0,0,0
"614",2017,39,0,0,175,0,37,496,1052,353,102,336,452,108,0,0,116,0,105
"615",2017,40,114,0,133,189,231,271,114,111,42,0,179,65,0,0,0,0,0
"616",2017,41,0,0,131,189,272,417,503,313,0,299,263,0,0,0,0,0,13
"617",2017,42,656,616,756,134,1559,1664,2598,1204,488,385,248,550,423,0,89,0,103
"618",2017,44,0,0,0,0,122,312,293,68,190,110,60,0,61,0,0,0,0
"619",2017,45,0,0,497,936,0,114,95,472,388,772,187,0,0,0,78,0,0
"620",2017,47,0,0,89,115,52,111,582,0,98,177,179,127,0,123,0,0,0
"621",2017,48,231,208,1048,711,851,2937,3940,1571,1576,1097,691,1023,814,140,0,0,97
"622",2017,49,57,309,374,658,865,528,561,548,626,65,773,77,305,0,184,0,0
"623",2017,50,0,0,0,0,0,0,0,0,0,130,45,0,0,0,0,0,0
"624",2017,51,0,0,0,419,528,686,766,509,299,291,743,335,281,66,0,0,0
"625",2017,53,0,100,344,169,745,1048,743,1900,352,322,318,595,66,123,0,0,0
"626",2017,54,0,0,110,0,0,0,0,0,0,0,0,16,0,0,0,0,0
"627",2017,55,0,0,39,0,0,196,0,631,71,115,0,25,95,0,0,0,0
"628",2017,56,0,0,0,184,0,0,0,0,0,56,0,0,0,0,0,0,0
"629",2018,1,0,225,421,72,61,94,205,0,992,42,0,262,0,0,0,0,0
"630",2018,2,0,0,0,0,0,0,0,153,0,187,0,0,0,0,0,0,0
"631",2018,4,0,0,0,0,150,130,340,481,508,189,430,78,0,447,264,0,0
"632",2018,5,0,181,0,0,375,97,575,115,0,13,0,0,0,0,0,0,0
"633",2018,6,612,587,2404,2171,2971,6176,8285,5728,4964,3559,2886,1568,1586,576,675,377,0
"634",2018,8,0,0,448,106,120,383,0,282,138,249,384,77,166,80,0,74,0
"635",2018,9,309,309,886,2510,2853,2170,2282,2639,2169,2711,1162,719,66,230,59,251,0
"636",2018,10,0,0,0,186,0,0,76,0,213,234,118,0,0,0,0,0,0
"637",2018,11,0,0,0,106,210,418,112,59,157,0,0,0,38,168,0,0,0
"638",2018,12,2687,3371,6783,6075,6586,12328,15212,10997,11295,8933,8654,6241,3427,2330,1685,1246,0
"639",2018,13,285,40,1129,566,1007,2550,1633,1820,1940,1463,990,525,121,131,0,0,0
"640",2018,15,0,0,0,0,0,122,416,0,27,0,77,0,0,0,0,0,0
"641",2018,16,0,0,0,0,0,0,91,46,0,0,0,0,0,404,0,0,0
"642",2018,17,89,0,185,401,479,1165,608,1316,463,409,116,402,0,58,0,0,0
"643",2018,18,0,0,64,160,181,160,132,225,300,122,386,0,0,0,0,0,0
"644",2018,19,0,0,10,287,0,0,33,431,120,0,0,0,0,0,0,0,0
"645",2018,20,0,0,1031,496,299,456,0,70,0,80,0,0,0,12,0,0,0
"646",2018,21,0,0,238,0,93,0,55,219,86,119,0,65,0,0,158,0,0
"647",2018,22,0,0,61,307,0,675,978,244,433,318,253,107,0,0,0,0,0
"648",2018,24,458,0,536,1389,897,953,1812,1379,865,707,613,485,470,0,302,0,0
"649",2018,25,1191,2672,3595,4272,10866,10320,13472,9129,7398,6718,6242,3741,785,886,291,272,0
"650",2018,26,402,436,0,172,419,1178,1217,647,216,82,210,134,0,0,0,0,0
"651",2018,27,0,0,131,240,741,974,0,18,202,146,0,0,0,0,0,0,0
"652",2018,28,0,0,86,0,0,71,273,0,134,63,312,0,0,0,0,0,0
"653",2018,29,0,0,273,134,233,158,250,604,250,0,200,105,0,0,0,0,0
"654",2018,30,0,0,0,0,0,0,150,0,0,0,0,0,0,0,0,0,0
"655",2018,31,0,0,0,106,0,0,876,692,0,0,0,0,0,0,0,0,0
"656",2018,32,0,0,0,0,161,896,70,223,808,378,0,179,173,38,0,0,0
"657",2018,33,0,0,0,163,394,0,0,0,460,307,72,96,0,0,0,57,0
"658",2018,34,394,163,2310,1629,3474,3976,5627,5275,4925,3310,2343,1452,629,441,635,291,0
"659",2018,35,0,0,88,0,0,0,0,319,245,67,0,41,0,0,0,0,0
"660",2018,36,768,78,1083,1844,1865,2234,3685,4259,2869,2790,3156,1601,452,1335,922,429,0
"661",2018,37,77,304,603,879,556,1136,1080,1478,0,716,388,58,200,0,50,228,0
"662",2018,39,0,0,0,221,222,922,456,157,234,348,153,62,74,0,60,0,0
"663",2018,40,0,218,394,274,147,206,148,239,0,0,0,0,0,420,526,0,0
"664",2018,41,0,0,0,0,95,201,306,287,359,701,310,0,0,0,0,0,0
"665",2018,42,93,634,807,356,1544,4097,1143,900,866,670,555,575,125,0,193,0,0
"666",2018,44,0,0,0,121,0,475,808,30,44,304,147,285,107,108,0,0,0
"667",2018,45,0,0,119,0,62,335,343,578,509,119,357,56,405,118,0,208,0
"668",2018,47,0,0,369,79,389,380,92,282,179,236,103,97,0,0,43,0,0
"669",2018,48,0,1028,1474,1389,1997,2332,3535,2671,1687,1437,1360,1061,484,164,73,0,0
"670",2018,49,0,833,1131,664,299,580,650,1370,133,700,587,0,0,147,0,0,0
"671",2018,50,0,0,0,0,0,0,0,0,0,0,0,0,0,0,44,0,0
"672",2018,51,0,116,728,356,656,922,1122,1334,671,735,320,197,338,60,458,93,0
"673",2018,53,192,340,126,889,979,1062,936,520,564,346,269,279,247,0,42,0,0
"674",2018,54,0,0,0,74,0,0,54,0,0,0,0,129,0,0,0,0,0
"675",2018,55,0,0,9,0,549,332,221,44,0,448,241,336,0,0,0,0,0
"676",2019,1,0,0,284,0,141,133,232,687,65,0,0,0,0,313,0,0,0
"677",2019,2,0,0,0,0,0,0,20,247,0,0,0,0,0,0,0,0,0
"678",2019,4,0,0,777,406,0,401,263,473,291,470,465,453,157,496,0,113,0
"679",2019,5,87,0,161,0,0,321,0,102,211,0,0,0,8,0,0,0,0
"680",2019,6,852,853,1834,3823,6345,6971,5624,5250,5358,3241,3154,2931,1303,641,853,154,700
"681",2019,8,0,0,0,64,137,679,513,742,231,0,0,55,0,101,50,0,0
"682",2019,9,604,1345,2183,1559,2920,2899,3757,3205,1735,1365,1006,995,491,0,290,49,61
"683",2019,10,0,0,0,27,0,166,0,0,0,0,23,196,0,0,0,0,0
"684",2019,11,210,0,0,49,162,191,262,167,266,0,145,0,0,167,0,0,0
"685",2019,12,836,4192,7221,3053,8282,11389,12459,10044,9952,11516,10506,7259,3869,1938,886,1052,822
"686",2019,13,198,269,524,1191,1244,1536,2557,1848,1309,1284,1947,1053,126,0,55,262,106
"687",2019,15,0,0,139,0,0,462,0,363,0,145,67,141,0,0,0,0,0
"688",2019,16,0,0,0,119,80,0,135,10,0,0,0,123,0,0,0,0,0
"689",2019,17,0,174,95,584,1105,1189,542,750,705,400,336,199,172,175,92,0,0
"690",2019,18,0,0,535,0,801,181,0,163,169,204,0,191,29,0,0,0,0
"691",2019,19,0,0,12,0,0,0,0,0,0,0,34,0,0,0,0,0,0
"692",2019,20,0,0,462,254,238,675,559,81,83,0,238,190,0,0,0,0,0
"693",2019,21,0,0,0,72,0,102,113,773,48,75,214,0,0,0,0,0,0
"694",2019,22,0,0,0,63,31,36,622,97,80,54,411,55,111,0,0,0,53
"695",2019,23,0,0,0,0,0,0,300,41,0,0,0,34,0,0,234,0,0
"696",2019,24,30,402,566,543,617,448,961,910,225,144,387,344,182,425,127,290,76
"697",2019,25,1893,3331,8966,6914,8114,13435,12017,9622,11936,6776,4583,2107,2899,701,278,0,136
"698",2019,26,0,235,620,116,564,1286,2028,554,442,377,0,0,0,0,198,0,0
"699",2019,27,0,0,0,295,174,890,608,175,143,299,733,187,0,38,0,0,75
"700",2019,28,0,0,0,19,4,0,105,17,0,0,0,0,0,0,0,47,0
"701",2019,29,0,0,74,0,64,160,222,0,189,305,151,0,0,0,0,0,0
"702",2019,30,0,0,0,0,0,0,0,178,0,0,0,0,0,0,0,0,0
"703",2019,31,0,0,122,0,160,0,333,0,0,0,0,98,151,0,0,0,0
"704",2019,32,0,0,231,331,386,427,987,899,873,395,764,179,95,397,60,0,39
"705",2019,33,0,0,223,0,276,1302,902,824,71,0,0,138,0,0,0,0,0
"706",2019,34,911,972,2661,2020,5201,3916,7336,4083,4313,3662,3017,2658,445,564,211,324,22
"707",2019,35,0,0,0,0,39,0,0,71,0,144,0,0,0,0,0,0,0
"708",2019,36,665,755,795,2452,1594,3204,4178,3948,3291,3408,2382,2803,837,1477,76,462,125
"709",2019,37,0,215,88,65,1323,913,1106,419,249,451,893,449,62,89,133,0,0
"710",2019,39,0,0,292,535,345,200,652,1267,734,179,235,305,0,0,0,70,0
"711",2019,40,0,0,0,145,327,0,0,0,236,58,0,0,181,0,0,0,0
"712",2019,41,350,73,101,175,168,136,755,0,55,128,18,0,134,0,0,0,0
"713",2019,42,502,1012,525,553,1521,1822,2447,1273,702,952,429,928,259,210,17,212,0
"714",2019,44,87,0,135,142,57,138,474,55,109,529,413,0,232,0,0,0,0
"715",2019,45,0,362,723,214,134,1634,330,1052,715,476,174,0,0,0,43,31,0
"716",2019,47,0,0,178,286,490,52,314,410,129,340,112,93,0,0,0,0,0
"717",2019,48,273,265,433,1195,1872,2431,2649,2058,1454,2289,1861,903,109,230,322,54,497
"718",2019,49,0,59,852,712,1735,1311,988,528,746,297,232,177,127,57,0,0,0
"719",2019,50,0,0,26,9,0,0,0,0,0,0,0,0,0,0,0,0,0
"720",2019,51,0,0,624,193,603,768,708,682,544,324,1318,121,0,73,0,164,0
"721",2019,53,0,175,373,731,461,1009,1826,831,1015,197,743,0,87,0,158,0,0
"722",2019,54,0,0,0,96,0,0,0,0,0,0,0,0,0,0,0,0,0
"723",2019,55,0,67,333,12,349,0,39,73,41,137,0,0,0,48,0,0,0
