"","year","state_code","management_professional","services","sales_and_office","construction_and_extracion","maintenance_and_repair","production_transportation_and_material_moving","educational_instruction_and_library_occupations","arts_design_entertainment_sports_and_media_occupations","healthcare_practitioner_and_technical_occupations","other_2"
"1",2005,1,857,623,161,0,238,0,69,82,0,0
"2",2005,2,0,0,0,88,0,0,0,0,0,0
"3",2005,4,395,0,367,0,0,0,183,61,282,0
"4",2005,5,222,156,385,0,0,0,98,0,0,0
"5",2005,6,9966,4154,4484,673,64,2708,1289,921,702,150
"6",2005,8,249,613,332,0,0,0,83,62,0,0
"7",2005,9,2489,4941,1172,4004,286,878,77,174,0,0
"8",2005,10,0,104,110,0,0,0,82,0,0,0
"9",2005,11,443,0,0,0,0,0,0,0,0,0
"10",2005,12,21235,10535,11608,5246,810,3783,1485,1397,471,406
"11",2005,13,5069,3073,1664,2970,0,807,443,0,108,0
"12",2005,15,553,0,224,73,0,147,81,0,26,0
"13",2005,16,82,0,0,0,0,0,0,0,0,0
"14",2005,17,891,610,686,82,82,338,434,0,414,0
"15",2005,18,0,528,0,0,0,198,83,0,95,0
"16",2005,19,107,0,99,0,0,0,0,99,123,0
"17",2005,20,54,230,75,0,0,0,0,0,0,120
"18",2005,21,0,0,0,0,0,0,63,0,0,0
"19",2005,22,141,55,0,0,0,0,0,0,0,211
"20",2005,23,91,927,545,454,0,0,0,0,0,0
"21",2005,24,3026,1294,1424,638,0,64,614,386,64,0
"22",2005,25,16245,35904,10976,10546,641,10366,732,369,2160,608
"23",2005,26,933,179,483,0,0,113,451,0,0,0
"24",2005,27,593,0,284,0,0,0,0,0,0,0
"25",2005,28,300,0,0,0,0,75,0,0,0,0
"26",2005,29,231,236,237,205,0,93,65,0,0,0
"27",2005,30,0,0,0,0,0,146,0,0,0,0
"28",2005,32,77,709,154,0,0,0,0,0,0,0
"29",2005,33,159,1642,281,0,0,235,142,80,88,0
"30",2005,34,8609,6694,2466,9639,746,3811,364,536,324,325
"31",2005,35,121,95,0,0,0,0,0,0,0,0
"32",2005,36,10020,4799,3736,3522,49,1749,943,751,292,142
"33",2005,37,1175,156,244,144,0,103,0,204,0,0
"34",2005,39,683,384,465,195,100,0,257,186,318,0
"35",2005,40,2205,0,1122,0,0,0,83,0,0,0
"36",2005,41,226,80,165,100,0,0,0,0,0,0
"37",2005,42,2236,1329,904,488,0,1704,267,0,91,0
"38",2005,44,71,611,88,0,110,75,104,0,84,0
"39",2005,45,616,488,223,797,215,0,0,0,0,0
"40",2005,47,350,0,73,0,0,0,753,179,0,0
"41",2005,48,2975,802,2281,0,619,428,531,148,137,0
"42",2005,49,1034,428,502,0,0,630,225,85,0,0
"43",2005,51,2814,1552,302,1364,0,0,363,76,0,0
"44",2005,53,880,965,550,0,0,0,0,0,0,0
"45",2005,55,619,0,144,0,0,41,0,0,0,0
"46",2006,1,1272,0,28,0,0,0,45,0,25,0
"47",2006,4,846,123,65,0,0,67,152,0,182,0
"48",2006,5,139,0,0,0,0,0,0,0,0,0
"49",2006,6,12391,5287,5510,466,148,3812,1748,1907,441,193
"50",2006,8,533,244,87,0,0,168,218,0,0,0
"51",2006,9,3888,6229,1858,4198,178,1139,344,204,178,48
"52",2006,10,248,0,214,150,0,0,0,0,0,0
"53",2006,11,329,0,63,0,0,0,0,68,0,0
"54",2006,12,19568,12380,14750,9138,1725,4334,1642,1866,959,295
"55",2006,13,4355,4014,1136,3029,82,762,628,105,83,0
"56",2006,15,0,112,0,0,0,0,22,169,185,0
"57",2006,16,91,0,0,0,0,0,70,0,0,0
"58",2006,17,2074,778,664,263,0,224,552,235,171,118
"59",2006,18,1041,69,170,0,0,21,106,92,0,0
"60",2006,19,163,717,605,0,0,0,270,117,0,0
"61",2006,20,319,0,239,0,0,0,27,0,0,0
"62",2006,21,184,121,80,0,0,0,0,0,0,0
"63",2006,22,397,93,0,16,0,0,0,0,0,0
"64",2006,23,0,0,242,0,0,0,0,0,0,0
"65",2006,24,3162,1873,589,720,0,0,381,326,84,0
"66",2006,25,15329,27410,9058,12810,1116,8342,491,868,170,215
"67",2006,26,1236,440,426,0,0,416,0,0,92,235
"68",2006,27,96,265,417,70,0,0,427,125,0,0
"69",2006,28,0,0,17,0,0,0,0,0,0,0
"70",2006,29,225,221,122,0,0,0,0,89,0,0
"71",2006,30,0,0,0,0,0,248,0,0,0,0
"72",2006,31,372,174,0,0,0,101,0,0,0,0
"73",2006,32,314,179,202,125,0,0,67,0,0,0
"74",2006,33,102,1066,652,0,0,360,0,0,0,0
"75",2006,34,8899,10487,4637,8861,1056,2716,575,306,856,292
"76",2006,35,74,243,0,264,0,0,0,0,0,0
"77",2006,36,7409,7437,2784,1942,208,1119,477,667,163,111
"78",2006,37,862,701,160,222,43,477,483,0,77,0
"79",2006,39,771,0,595,0,0,80,266,68,114,0
"80",2006,40,182,186,0,0,0,0,162,0,0,0
"81",2006,41,734,237,515,0,0,263,0,0,0,0
"82",2006,42,1081,1949,385,569,90,588,84,0,0,0
"83",2006,44,487,919,453,593,0,175,0,0,0,0
"84",2006,45,677,164,664,0,71,164,166,0,60,0
"85",2006,46,0,0,0,0,0,0,0,0,0,48
"86",2006,47,648,205,100,0,0,0,0,0,0,0
"87",2006,48,5021,2115,1052,255,502,353,1296,224,61,370
"88",2006,49,760,745,978,0,63,133,0,113,75,0
"89",2006,50,108,0,0,0,0,0,0,0,0,0
"90",2006,51,2553,2139,1155,755,167,277,147,84,84,97
"91",2006,53,1135,78,586,0,0,0,257,111,115,0
"92",2006,54,0,188,91,0,0,0,0,0,0,0
"93",2006,55,67,0,367,0,0,0,19,0,0,0
"94",2007,1,66,0,0,0,0,313,0,0,0,0
"95",2007,2,0,0,0,0,0,0,0,0,0,35
"96",2007,4,294,224,249,0,0,249,56,0,0,0
"97",2007,5,0,0,0,0,0,0,0,0,0,57
"98",2007,6,5199,5112,7224,1362,662,2727,1401,1793,586,70
"99",2007,8,432,0,311,0,76,0,57,56,49,0
"100",2007,9,1290,6401,1212,3665,0,1318,352,0,367,0
"101",2007,10,0,0,236,209,0,0,0,0,0,0
"102",2007,11,323,375,58,0,0,0,86,207,0,0
"103",2007,12,7689,17124,11330,15300,953,6417,1572,962,859,255
"104",2007,13,2019,2903,1999,2210,225,662,77,314,0,0
"105",2007,15,0,0,151,142,0,132,0,0,0,0
"106",2007,16,116,0,0,0,0,0,0,0,127,0
"107",2007,17,993,484,508,78,447,176,234,108,173,0
"108",2007,18,521,0,96,0,0,246,410,0,147,0
"109",2007,19,0,0,0,0,0,0,0,0,0,0
"110",2007,20,0,124,0,0,0,0,238,0,0,0
"111",2007,21,106,0,69,0,262,113,436,0,0,0
"112",2007,22,199,123,0,2908,0,0,0,0,130,0
"113",2007,23,0,139,0,0,0,0,0,0,0,0
"114",2007,24,1654,1011,467,783,0,91,169,89,80,65
"115",2007,25,3673,28507,5799,11357,616,6232,1014,172,350,202
"116",2007,26,310,930,465,0,0,118,0,54,0,0
"117",2007,27,0,523,909,0,0,45,0,0,0,0
"118",2007,28,185,0,0,0,0,210,0,0,0,0
"119",2007,29,195,330,195,0,0,0,130,96,0,0
"120",2007,30,0,0,0,0,0,0,0,0,0,0
"121",2007,31,0,0,119,0,0,0,115,0,0,0
"122",2007,32,140,879,436,346,0,222,53,150,0,0
"123",2007,33,200,457,177,0,0,485,83,0,0,0
"124",2007,34,1732,9494,4260,10026,870,2611,248,269,371,135
"125",2007,35,0,76,0,0,0,0,0,74,0,0
"126",2007,36,3302,6579,2502,2795,0,1273,422,1377,1017,416
"127",2007,37,442,395,543,370,0,0,389,0,42,0
"128",2007,38,0,0,69,0,0,0,0,0,0,0
"129",2007,39,145,298,699,0,0,0,148,0,0,0
"130",2007,40,0,157,114,0,0,124,95,0,0,0
"131",2007,41,189,185,339,227,0,0,0,64,0,0
"132",2007,42,189,1549,1709,1587,79,619,341,34,91,0
"133",2007,44,0,429,434,181,0,0,0,0,0,0
"134",2007,45,50,0,277,256,0,61,372,307,0,0
"135",2007,47,229,68,0,0,0,54,0,0,75,0
"136",2007,48,938,1833,1484,244,265,980,663,188,395,228
"137",2007,49,586,898,712,0,0,0,0,0,0,0
"138",2007,51,590,948,530,443,0,109,68,313,69,0
"139",2007,53,538,143,140,0,0,108,88,0,281,0
"140",2007,54,95,0,0,0,0,72,0,0,0,0
"141",2007,55,0,0,0,0,0,97,116,0,68,0
"142",2007,56,0,0,0,0,0,55,0,0,0,0
"143",2008,1,391,82,0,0,0,0,0,0,0,0
"144",2008,2,0,0,0,0,0,0,138,0,0,0
"145",2008,4,472,170,121,61,0,111,343,60,0,0
"146",2008,5,599,136,95,0,0,0,0,0,83,0
"147",2008,6,9095,8029,4203,1216,381,2274,1329,1028,198,351
"148",2008,8,216,381,276,0,0,68,149,74,82,83
"149",2008,9,3426,3070,2411,2351,175,1723,256,106,508,0
"150",2008,11,308,0,167,0,0,0,0,0,0,0
"151",2008,12,20300,14629,12734,6890,1682,2252,1522,1710,990,571
"152",2008,13,4986,3325,1715,982,321,644,129,39,0,72
"153",2008,15,834,39,71,318,50,52,0,0,27,0
"154",2008,16,285,0,0,0,0,0,0,0,0,199
"155",2008,17,2282,771,701,98,0,997,184,0,77,327
"156",2008,18,77,0,95,0,0,0,1177,0,93,0
"157",2008,19,92,291,0,0,0,0,143,0,0,0
"158",2008,20,33,0,63,0,0,0,0,0,0,0
"159",2008,21,580,0,415,0,0,0,0,161,0,0
"160",2008,22,603,377,331,645,0,0,182,0,140,0
"161",2008,23,128,92,0,0,0,0,52,0,0,0
"162",2008,24,2448,521,859,0,0,64,152,52,445,0
"163",2008,25,17546,29783,6188,10184,979,4854,901,432,162,53
"164",2008,26,837,68,298,376,0,0,0,0,178,0
"165",2008,27,147,56,160,0,0,754,0,0,111,0
"166",2008,28,88,0,0,0,0,0,0,0,0,0
"167",2008,29,644,0,0,0,0,0,0,115,645,0
"168",2008,30,0,0,0,693,0,0,0,0,0,0
"169",2008,32,836,198,562,335,0,0,57,84,0,0
"170",2008,33,596,2043,336,0,0,295,121,0,0,0
"171",2008,34,8732,9016,3136,5970,546,1436,548,464,191,156
"172",2008,35,370,0,0,0,0,0,110,0,0,0
"173",2008,36,12626,8065,3869,2097,298,1156,492,847,840,0
"174",2008,37,1631,1154,498,670,228,87,262,0,224,0
"175",2008,39,751,1758,92,0,0,0,391,213,132,0
"176",2008,40,461,312,110,0,0,0,279,0,0,0
"177",2008,41,693,89,404,0,167,70,89,115,98,0
"178",2008,42,3911,1491,303,1745,0,414,115,102,175,0
"179",2008,44,939,329,65,0,0,154,65,0,0,0
"180",2008,45,935,867,204,843,0,305,51,0,82,0
"181",2008,46,0,0,10,142,0,0,0,0,0,0
"182",2008,47,1146,84,713,119,0,0,102,0,0,0
"183",2008,48,6694,2028,1557,149,467,1193,255,0,327,149
"184",2008,49,604,1571,488,0,0,525,348,0,73,0
"185",2008,50,233,0,0,0,0,0,0,0,0,0
"186",2008,51,1375,1131,431,0,0,54,525,19,95,0
"187",2008,53,1380,1540,554,70,0,109,0,0,0,0
"188",2008,55,370,36,210,0,0,119,0,0,198,0
"189",2009,1,519,0,150,0,0,0,76,0,58,0
"190",2009,2,385,0,0,48,0,0,0,0,0,48
"191",2009,4,1058,165,322,0,0,0,183,0,70,0
"192",2009,5,137,99,0,0,0,0,0,0,0,0
"193",2009,6,13377,5689,3305,428,623,1417,1764,933,310,489
"194",2009,8,1427,694,228,318,0,0,0,125,0,0
"195",2009,9,5156,5162,1414,3024,139,1108,147,84,273,99
"196",2009,11,416,0,0,0,0,0,0,97,249,0
"197",2009,12,30308,14589,11884,7248,1942,4247,2231,1322,1722,694
"198",2009,13,5014,2934,1648,1388,417,1881,146,0,569,0
"199",2009,15,276,566,0,82,0,0,102,0,0,0
"200",2009,16,0,0,0,0,0,210,0,0,0,0
"201",2009,17,826,330,956,82,217,311,119,0,378,92
"202",2009,18,503,128,423,0,0,70,210,0,52,0
"203",2009,19,485,0,0,0,0,0,0,234,0,0
"204",2009,20,137,386,349,0,94,1,0,0,0,0
"205",2009,21,102,673,108,0,0,0,229,0,0,0
"206",2009,22,1313,238,524,1509,386,0,68,0,0,0
"207",2009,23,316,0,0,0,0,0,0,0,0,0
"208",2009,24,2362,2051,991,1412,90,228,415,335,0,0
"209",2009,25,11526,30651,7753,8712,1674,6614,451,742,511,393
"210",2009,26,1663,191,329,0,22,92,430,0,0,0
"211",2009,27,683,549,868,0,0,26,0,0,117,0
"212",2009,28,0,0,0,0,0,0,0,45,0,0
"213",2009,29,420,411,0,0,0,77,474,0,0,0
"214",2009,30,50,0,0,0,0,0,0,0,0,0
"215",2009,31,214,82,477,0,0,79,0,0,0,0
"216",2009,32,241,380,469,61,57,0,56,0,0,41
"217",2009,33,1454,2633,114,348,0,404,0,81,0,0
"218",2009,34,8865,11956,4642,4754,69,2659,407,736,0,178
"219",2009,35,223,0,0,0,0,0,98,0,0,0
"220",2009,36,7648,7141,4643,1397,520,829,1374,855,729,291
"221",2009,37,1875,2089,228,378,0,0,164,376,153,0
"222",2009,39,1415,480,363,0,0,72,270,147,93,0
"223",2009,40,71,0,86,0,0,0,85,0,0,0
"224",2009,41,416,171,194,0,0,111,0,0,0,0
"225",2009,42,2804,3123,125,1579,79,76,0,0,402,903
"226",2009,44,61,74,280,66,0,233,0,0,0,0
"227",2009,45,224,0,780,488,210,326,0,0,23,90
"228",2009,46,0,49,0,0,0,0,0,0,0,0
"229",2009,47,153,0,355,0,0,0,119,61,0,0
"230",2009,48,6225,3534,2198,179,606,601,1073,91,567,0
"231",2009,49,1098,326,503,0,0,341,60,0,179,0
"232",2009,50,0,42,0,0,0,0,0,0,0,0
"233",2009,51,2629,1195,446,690,106,95,489,69,0,0
"234",2009,53,1719,555,802,121,0,231,194,71,0,212
"235",2009,54,128,280,0,0,0,0,0,0,0,0
"236",2009,55,190,143,118,0,0,0,50,0,0,0
"237",2010,1,565,284,763,0,91,0,489,0,0,0
"238",2010,2,99,0,0,0,0,0,0,0,0,0
"239",2010,4,830,262,149,0,55,0,179,86,97,79
"240",2010,5,1347,0,0,0,0,234,182,0,0,0
"241",2010,6,13445,6313,5854,189,63,1029,1250,1841,1443,202
"242",2010,8,524,156,219,62,0,391,82,159,0,0
"243",2010,9,3327,6988,1056,2965,72,2155,470,0,241,484
"244",2010,10,325,0,96,111,0,0,0,0,260,0
"245",2010,11,423,230,0,0,0,0,0,79,0,64
"246",2010,12,25153,18127,10065,6714,68,2820,1510,803,976,571
"247",2010,13,3504,2923,661,1897,196,780,268,0,143,69
"248",2010,15,229,207,496,37,0,0,0,47,0,0
"249",2010,16,708,0,91,0,0,0,0,0,0,0
"250",2010,17,2717,297,728,84,0,319,242,96,287,97
"251",2010,18,0,0,217,0,0,80,97,0,0,0
"252",2010,19,81,0,379,0,0,0,0,0,0,0
"253",2010,20,832,123,0,66,0,0,0,0,0,0
"254",2010,21,686,0,219,0,0,206,69,0,71,0
"255",2010,22,735,949,0,430,0,0,314,167,0,230
"256",2010,23,139,84,0,0,0,0,405,0,0,0
"257",2010,24,4009,1715,498,311,99,81,542,107,239,61
"258",2010,25,11857,31956,8177,11532,1686,5341,822,489,783,317
"259",2010,26,1868,211,1237,0,0,64,39,0,253,0
"260",2010,27,339,480,451,0,0,175,276,0,151,0
"261",2010,28,61,0,129,0,0,0,0,0,0,0
"262",2010,29,791,360,0,0,0,128,0,0,395,85
"263",2010,30,0,0,266,0,0,0,0,0,0,0
"264",2010,31,0,0,0,0,0,0,107,0,0,0
"265",2010,32,644,242,73,191,0,81,191,0,0,0
"266",2010,33,52,339,0,0,0,0,0,164,0,0
"267",2010,34,9252,9513,3412,5057,356,3438,402,472,68,798
"268",2010,35,214,153,72,0,0,0,170,0,0,0
"269",2010,36,8517,5402,2411,1053,275,949,668,1250,1442,172
"270",2010,37,2252,1322,77,554,52,62,420,160,0,0
"271",2010,39,1812,201,444,38,0,0,0,0,68,0
"272",2010,40,63,116,71,0,0,202,0,0,81,0
"273",2010,41,472,106,83,0,0,0,0,0,0,0
"274",2010,42,3832,2121,857,951,118,330,0,375,120,168
"275",2010,44,424,298,222,79,60,63,140,0,68,0
"276",2010,45,720,680,811,406,0,0,88,0,0,176
"277",2010,47,272,312,63,0,0,0,169,0,169,0
"278",2010,48,5363,3578,1704,120,94,395,1116,351,588,432
"279",2010,49,1911,663,816,361,124,71,70,287,103,0
"280",2010,50,84,196,0,0,0,0,0,0,0,0
"281",2010,51,949,393,1093,0,89,76,175,178,69,0
"282",2010,53,1955,499,292,0,0,350,0,36,142,0
"283",2010,54,124,0,0,0,0,0,0,0,0,0
"284",2010,55,674,109,452,0,0,0,174,220,0,0
"285",2011,1,0,785,119,0,0,23,0,0,375,0
"286",2011,4,0,428,423,0,0,0,0,0,233,0
"287",2011,5,0,21,78,0,0,0,0,46,0,144
"288",2011,6,0,7184,4858,444,0,505,0,574,1565,145
"289",2011,8,0,171,277,0,0,57,0,0,0,0
"290",2011,9,0,4460,858,2033,0,753,0,248,0,0
"291",2011,10,0,0,0,0,0,0,0,0,669,0
"292",2011,11,0,340,108,0,0,0,0,102,48,0
"293",2011,12,0,12403,12511,4205,0,6394,0,1152,2809,424
"294",2011,13,0,2841,352,860,0,1655,0,0,148,100
"295",2011,15,0,259,0,0,0,0,0,142,53,0
"296",2011,16,0,0,79,0,0,0,0,0,0,0
"297",2011,17,0,710,367,0,0,314,0,107,241,0
"298",2011,18,0,79,435,0,0,236,0,0,72,77
"299",2011,19,0,131,0,0,0,0,0,0,0,0
"300",2011,20,0,0,0,0,0,0,0,0,0,0
"301",2011,21,0,0,86,0,0,0,0,0,15,0
"302",2011,22,0,51,132,148,0,106,0,0,0,0
"303",2011,23,0,90,76,0,0,0,0,0,0,0
"304",2011,24,0,2796,1416,1625,0,162,0,52,44,0
"305",2011,25,0,27664,5727,8428,0,4348,0,492,1302,1269
"306",2011,26,0,450,438,0,0,155,0,0,65,0
"307",2011,27,0,189,0,523,0,0,0,0,181,0
"308",2011,28,0,120,0,0,0,0,0,0,0,0
"309",2011,29,0,1721,140,0,0,0,0,197,0,0
"310",2011,30,0,0,72,0,0,36,0,0,0,0
"311",2011,31,0,0,55,0,0,0,0,0,0,0
"312",2011,32,0,670,0,0,0,94,0,199,0,0
"313",2011,33,0,1274,133,0,0,373,0,0,0,0
"314",2011,34,0,8494,3897,3716,0,3707,0,93,269,796
"315",2011,35,0,0,0,0,0,0,0,0,0,0
"316",2011,36,0,6980,3093,1743,0,769,0,1760,464,0
"317",2011,37,0,689,466,306,0,45,0,317,0,69
"318",2011,39,0,191,114,0,0,0,0,116,0,0
"319",2011,40,0,461,178,0,0,74,0,0,0,0
"320",2011,41,0,175,104,0,0,0,0,0,0,0
"321",2011,42,0,3903,637,1825,0,389,0,217,86,0
"322",2011,44,0,1419,73,310,0,403,0,0,94,260
"323",2011,45,0,193,323,222,0,305,0,0,66,0
"324",2011,46,0,0,0,0,0,0,0,0,0,0
"325",2011,47,0,87,393,0,0,0,0,0,82,0
"326",2011,48,0,1142,1999,0,0,530,0,515,84,77
"327",2011,49,0,193,229,0,0,90,0,0,0,0
"328",2011,50,0,0,0,0,0,376,0,0,0,0
"329",2011,51,0,1392,695,491,0,180,0,150,11,0
"330",2011,53,0,750,164,298,0,0,0,98,0,0
"331",2011,54,0,219,131,0,0,0,0,0,0,0
"332",2011,55,0,279,0,0,0,0,0,0,0,85
"333",2012,1,0,0,0,0,0,0,0,0,0,0
"334",2012,2,0,0,0,0,0,0,0,0,0,63
"335",2012,4,0,515,933,0,0,0,0,0,152,43
"336",2012,5,0,124,0,0,0,0,0,0,0,0
"337",2012,6,0,7442,6082,580,0,1890,0,2460,869,170
"338",2012,8,0,816,537,0,0,140,0,65,0,0
"339",2012,9,0,6432,1744,2027,0,909,0,264,94,69
"340",2012,10,0,150,0,115,0,0,0,0,0,0
"341",2012,11,0,341,140,0,0,59,0,246,0,0
"342",2012,12,0,12049,15305,3075,0,2719,0,932,1482,827
"343",2012,13,0,2712,881,809,0,532,0,121,255,356
"344",2012,15,0,135,319,0,0,0,0,146,0,0
"345",2012,16,0,125,0,0,0,0,0,0,71,0
"346",2012,17,0,773,261,0,0,660,0,416,0,389
"347",2012,18,0,247,337,0,0,91,0,0,0,0
"348",2012,19,0,0,0,0,0,0,0,0,0,0
"349",2012,20,0,88,0,0,0,91,0,0,0,0
"350",2012,21,0,0,72,0,0,0,0,72,0,0
"351",2012,22,0,124,87,688,0,0,0,0,0,0
"352",2012,23,0,23,0,0,0,0,0,0,0,0
"353",2012,24,0,2543,565,258,0,125,0,125,160,0
"354",2012,25,0,20083,6825,6799,0,3885,0,376,725,1010
"355",2012,26,0,279,769,0,0,338,0,0,0,213
"356",2012,27,0,42,392,0,0,0,0,0,137,0
"357",2012,28,0,0,68,0,0,0,0,52,0,0
"358",2012,29,0,120,28,0,0,144,0,91,0,0
"359",2012,31,0,261,0,0,0,0,0,0,0,0
"360",2012,32,0,805,178,64,0,30,0,133,0,0
"361",2012,33,0,1011,152,128,0,239,0,0,0,0
"362",2012,34,0,7822,2778,4143,0,1733,0,165,242,428
"363",2012,35,0,0,0,0,0,0,0,191,0,0
"364",2012,36,0,5569,4019,1675,0,1130,0,1722,867,0
"365",2012,37,0,888,1788,0,0,322,0,0,0,0
"366",2012,38,0,26,0,0,0,0,0,0,0,0
"367",2012,39,0,406,43,730,0,0,0,0,0,0
"368",2012,40,0,50,74,0,0,126,0,0,0,0
"369",2012,41,0,433,398,0,0,103,0,0,0,0
"370",2012,42,0,3133,969,1127,0,262,0,828,220,0
"371",2012,44,0,65,131,0,0,0,0,0,0,0
"372",2012,45,0,220,374,1175,0,0,0,0,0,239
"373",2012,46,0,0,0,0,0,0,0,0,0,0
"374",2012,47,0,0,0,0,0,135,0,0,0,0
"375",2012,48,0,1715,3491,0,0,862,0,217,106,0
"376",2012,49,0,1194,732,109,0,484,0,81,0,0
"377",2012,50,0,0,119,0,0,0,0,0,123,0
"378",2012,51,0,652,347,53,0,294,0,166,59,0
"379",2012,53,0,104,635,167,0,251,0,0,0,330
"380",2012,54,0,0,0,0,0,0,0,0,163,0
"381",2012,55,0,0,0,156,0,54,0,131,0,0
"382",2012,56,0,0,45,0,0,54,0,0,0,0
"383",2013,1,0,0,54,0,0,291,0,0,0,0
"384",2013,2,0,0,43,235,0,0,0,0,0,68
"385",2013,4,0,359,575,0,0,0,0,0,181,77
"386",2013,5,0,0,210,0,0,0,0,0,0,0
"387",2013,6,0,7516,4448,318,0,3427,0,2008,678,322
"388",2013,8,0,364,182,0,0,73,0,63,120,0
"389",2013,9,0,4537,1175,3354,0,946,0,337,535,107
"390",2013,10,0,0,0,0,0,0,0,0,0,0
"391",2013,11,0,317,160,0,0,0,0,0,0,0
"392",2013,12,0,11875,14483,4225,0,2931,0,1094,1829,569
"393",2013,13,0,2116,1558,424,0,0,0,156,434,43
"394",2013,15,0,187,0,0,0,45,0,27,0,0
"395",2013,16,0,0,0,0,0,0,0,0,0,0
"396",2013,17,0,426,610,78,0,182,0,103,243,0
"397",2013,18,0,269,210,0,0,82,0,0,143,0
"398",2013,19,0,378,0,0,0,0,0,0,0,0
"399",2013,20,0,246,0,0,0,0,0,0,0,0
"400",2013,21,0,0,124,0,0,0,0,0,0,0
"401",2013,22,0,138,218,440,0,0,0,0,0,0
"402",2013,23,0,229,0,0,0,134,0,0,0,0
"403",2013,24,0,1114,637,759,0,0,0,230,0,0
"404",2013,25,0,23475,7267,7652,0,4947,0,626,1052,814
"405",2013,26,0,238,514,0,0,0,0,88,137,0
"406",2013,27,0,134,230,0,0,0,0,102,96,0
"407",2013,29,0,115,147,0,0,135,0,0,117,0
"408",2013,30,0,39,0,194,0,0,0,0,0,0
"409",2013,31,0,0,0,0,0,0,0,0,0,0
"410",2013,32,0,167,301,0,0,0,0,0,0,0
"411",2013,33,0,477,125,0,0,183,0,0,193,0
"412",2013,34,0,8295,3568,5346,0,2240,0,230,314,606
"413",2013,35,0,0,251,0,0,0,0,0,0,0
"414",2013,36,0,5546,3990,1958,0,1070,0,2210,58,0
"415",2013,37,0,956,275,0,0,0,0,0,0,0
"416",2013,38,0,0,137,0,0,0,0,0,0,199
"417",2013,39,0,388,194,136,0,400,0,0,309,196
"418",2013,40,0,0,39,0,0,39,0,0,0,0
"419",2013,41,0,0,370,0,0,174,0,116,23,0
"420",2013,42,0,646,863,313,0,623,0,167,120,168
"421",2013,44,0,512,231,335,0,115,0,0,0,0
"422",2013,45,0,566,0,1182,0,200,0,220,0,0
"423",2013,47,0,123,234,11,0,0,0,0,126,0
"424",2013,48,0,1970,2420,403,0,434,0,376,709,146
"425",2013,49,0,257,1075,0,0,427,0,50,0,0
"426",2013,50,0,0,0,0,0,52,0,0,0,0
"427",2013,51,0,1010,653,586,0,188,0,0,225,0
"428",2013,53,0,588,550,144,0,389,0,38,115,149
"429",2013,54,0,12,0,0,0,0,0,0,0,0
"430",2013,55,0,513,150,46,0,0,0,0,0,0
"431",2013,56,0,0,0,0,0,20,0,0,0,0
"432",2014,1,367,79,63,0,0,0,219,213,0,0
"433",2014,2,0,59,0,0,0,0,64,0,0,0
"434",2014,4,1763,294,214,0,0,225,135,0,444,0
"435",2014,5,386,0,179,0,0,0,79,0,0,0
"436",2014,6,15236,6278,5077,352,54,1573,1186,1984,664,193
"437",2014,8,1725,71,67,254,0,0,0,0,0,0
"438",2014,9,4369,4470,1022,2644,148,637,74,352,0,69
"439",2014,10,54,67,0,0,0,0,0,0,0,0
"440",2014,11,642,59,208,59,0,0,0,0,153,0
"441",2014,12,28581,12482,9531,3820,1106,3248,1712,1345,2472,651
"442",2014,13,2668,2434,1152,54,0,257,156,209,61,140
"443",2014,15,179,93,0,26,0,0,101,0,67,0
"444",2014,16,34,63,0,0,0,44,0,0,0,0
"445",2014,17,1715,424,1153,0,0,143,456,314,39,0
"446",2014,18,391,237,26,0,0,250,105,0,0,0
"447",2014,19,338,0,154,0,0,0,116,0,0,0
"448",2014,20,133,444,0,0,0,0,0,0,28,0
"449",2014,21,564,0,0,0,0,0,14,0,0,0
"450",2014,22,847,1253,451,729,0,142,0,0,0,445
"451",2014,23,0,180,0,0,0,0,0,0,0,0
"452",2014,24,2260,1070,1101,105,143,249,407,230,0,0
"453",2014,25,12938,21311,4552,8852,1280,6007,690,873,590,634
"454",2014,26,3280,342,477,0,0,567,213,394,0,0
"455",2014,27,1771,0,252,204,0,0,0,321,431,376
"456",2014,28,236,0,131,39,0,0,191,0,0,0
"457",2014,29,804,338,159,0,0,0,447,0,134,0
"458",2014,31,126,0,137,0,0,0,0,0,0,0
"459",2014,32,1237,900,895,183,360,117,0,684,0,0
"460",2014,33,1103,417,110,0,267,945,67,0,0,0
"461",2014,34,9373,7214,3284,4807,597,3218,1189,286,304,185
"462",2014,35,584,174,375,0,0,0,165,0,0,0
"463",2014,36,9535,3834,3923,1212,212,679,668,507,961,306
"464",2014,37,2842,464,1213,567,59,133,0,132,36,0
"465",2014,38,311,391,0,0,0,0,0,0,0,65
"466",2014,39,1592,1035,315,102,250,569,310,0,79,303
"467",2014,40,92,708,131,0,0,0,0,0,0,0
"468",2014,41,913,159,69,58,0,20,0,0,0,121
"469",2014,42,3011,3771,468,4290,159,352,69,166,257,0
"470",2014,44,687,471,84,0,0,0,390,0,86,0
"471",2014,45,652,416,251,316,0,186,132,202,146,83
"472",2014,46,159,0,0,0,0,0,96,0,0,0
"473",2014,47,1705,124,232,0,133,0,0,90,36,58
"474",2014,48,7869,1976,1620,756,0,686,877,42,642,167
"475",2014,49,1195,298,602,0,0,157,71,201,0,0
"476",2014,51,1970,1297,406,33,0,77,73,126,64,0
"477",2014,53,1055,123,200,0,0,647,69,0,0,0
"478",2014,54,260,83,0,0,0,0,0,0,0,0
"479",2014,55,947,56,110,0,0,0,0,0,45,0
"480",2014,56,22,0,0,0,0,0,0,0,76,0
"481",2015,1,319,141,0,0,0,0,61,0,0,0
"482",2015,2,0,0,0,0,0,0,0,0,0,44
"483",2015,4,554,172,209,0,0,54,198,0,38,0
"484",2015,5,0,0,95,0,0,0,0,0,0,0
"485",2015,6,17314,5926,3704,332,0,2438,2674,1717,888,494
"486",2015,8,1690,94,293,74,0,162,336,0,102,60
"487",2015,9,4063,4482,2093,2817,260,909,600,139,180,54
"488",2015,10,386,718,61,84,0,0,0,51,0,0
"489",2015,11,390,91,44,0,0,0,0,54,56,0
"490",2015,12,30564,12680,14644,5152,1590,3726,2558,1468,1829,442
"491",2015,13,5454,4303,1091,522,0,889,366,438,202,145
"492",2015,15,378,468,422,0,0,169,0,0,64,0
"493",2015,16,564,0,0,0,0,86,80,0,0,0
"494",2015,17,3660,515,1242,0,0,238,457,575,127,0
"495",2015,18,1880,408,349,0,0,50,147,348,164,92
"496",2015,19,414,41,0,0,0,0,224,0,302,0
"497",2015,20,511,467,88,0,0,16,0,0,0,0
"498",2015,21,708,0,0,0,0,0,0,0,261,0
"499",2015,22,464,36,179,196,102,0,0,0,137,0
"500",2015,23,323,269,0,0,0,0,0,0,0,0
"501",2015,24,2567,1990,1186,1074,122,215,519,311,671,346
"502",2015,25,14924,20991,6571,8359,1345,4798,1033,254,1828,535
"503",2015,26,2879,568,349,0,42,439,193,0,0,29
"504",2015,27,745,16,22,0,39,173,37,0,300,0
"505",2015,28,0,200,116,0,0,0,0,0,0,0
"506",2015,29,507,151,87,0,0,0,822,0,191,0
"507",2015,31,112,65,0,0,0,93,0,0,0,0
"508",2015,32,690,1217,561,0,173,230,61,222,135,0
"509",2015,33,918,220,154,194,0,673,75,0,0,0
"510",2015,34,8999,7669,2511,3343,344,1533,819,194,643,0
"511",2015,35,11,0,0,0,0,0,71,0,202,0
"512",2015,36,8845,5590,1989,1386,102,548,493,1066,523,0
"513",2015,37,3381,344,404,414,0,239,628,0,304,0
"514",2015,38,310,26,0,0,0,0,41,0,0,0
"515",2015,39,1866,1381,801,124,0,299,217,0,74,0
"516",2015,40,0,83,0,0,0,43,0,0,0,0
"517",2015,41,1028,593,191,0,0,48,52,0,51,0
"518",2015,42,1908,2294,368,451,0,107,245,330,296,0
"519",2015,44,77,253,0,194,0,0,0,0,0,0
"520",2015,45,1118,959,94,412,0,280,187,60,0,135
"521",2015,47,265,169,0,0,0,0,0,0,0,0
"522",2015,48,11439,2907,1394,307,227,429,567,666,1327,109
"523",2015,49,944,469,222,31,0,1087,226,37,54,0
"524",2015,50,0,0,0,0,0,0,0,0,74,0
"525",2015,51,3597,971,1072,73,29,490,638,269,129,102
"526",2015,53,2115,841,659,116,72,0,0,120,0,18
"527",2015,54,213,0,0,0,0,0,0,0,0,0
"528",2015,55,398,305,72,0,0,146,207,61,0,0
"529",2016,1,308,0,0,0,0,0,0,0,0,0
"530",2016,2,147,0,0,0,0,0,0,0,0,0
"531",2016,4,1705,122,386,0,0,0,462,0,218,0
"532",2016,5,319,50,0,0,0,0,72,0,0,0
"533",2016,6,22210,5600,7993,779,499,3499,1825,1908,1721,8
"534",2016,8,1127,494,0,121,0,147,44,54,174,98
"535",2016,9,6392,6591,1623,4080,527,679,1311,66,0,177
"536",2016,10,0,0,0,212,0,0,0,0,0,0
"537",2016,11,744,286,48,0,0,0,349,108,0,0
"538",2016,12,37817,14624,16272,4544,1633,2162,1220,1916,2913,196
"539",2016,13,4364,3365,2071,838,87,306,473,534,186,135
"540",2016,15,480,441,179,0,41,0,134,71,17,0
"541",2016,16,387,34,169,0,0,361,0,0,0,0
"542",2016,17,2433,1381,452,128,228,0,397,0,214,0
"543",2016,18,395,682,76,0,62,62,0,0,0,0
"544",2016,19,75,0,0,178,0,0,0,0,0,0
"545",2016,20,421,190,173,0,0,0,86,219,0,0
"546",2016,21,637,0,172,0,0,0,296,0,0,0
"547",2016,22,1213,418,219,158,0,9,94,76,105,27
"548",2016,23,89,324,0,0,0,0,0,0,144,0
"549",2016,24,3441,2868,1319,851,92,353,604,360,271,0
"550",2016,25,17020,25156,6218,10934,662,5663,1688,591,1099,462
"551",2016,26,4355,78,207,108,0,129,315,29,196,0
"552",2016,27,1578,293,563,0,0,0,0,36,0,0
"553",2016,28,0,0,0,0,0,0,450,0,0,0
"554",2016,29,1080,288,0,155,0,0,0,128,109,0
"555",2016,30,16,0,0,0,53,0,0,0,0,0
"556",2016,31,187,0,115,0,0,0,0,0,0,0
"557",2016,32,616,404,425,0,179,138,0,0,89,64
"558",2016,33,669,980,0,204,0,284,133,96,0,0
"559",2016,34,10894,5878,3469,3741,1145,1518,600,629,113,176
"560",2016,35,303,423,221,0,0,0,153,0,0,161
"561",2016,36,10107,4615,3220,2409,636,627,708,1506,1227,576
"562",2016,37,2715,1471,311,668,0,286,548,0,179,0
"563",2016,38,0,0,0,0,54,0,0,0,0,0
"564",2016,39,1070,157,392,0,0,0,0,0,157,0
"565",2016,40,243,110,362,0,0,0,107,0,127,0
"566",2016,41,1467,627,291,0,123,66,0,114,0,274
"567",2016,42,6263,1881,1253,2167,0,668,48,41,328,329
"568",2016,44,368,0,166,91,0,218,192,0,123,0
"569",2016,45,1333,1034,262,272,0,167,73,13,87,0
"570",2016,47,745,86,75,187,0,94,0,0,0,136
"571",2016,48,9541,1976,2778,0,160,226,1091,276,1469,259
"572",2016,49,2055,1439,850,0,0,80,74,0,309,0
"573",2016,50,0,0,59,0,0,0,0,0,0,0
"574",2016,51,3050,1174,1029,0,0,35,274,69,563,0
"575",2016,53,1691,434,426,0,0,185,240,72,296,0
"576",2016,54,89,264,0,0,0,76,0,85,0,0
"577",2016,55,728,0,217,0,0,209,0,0,0,231
"578",2016,56,75,36,0,0,0,0,0,0,0,0
"579",2017,1,832,312,265,110,35,0,0,0,227,0
"580",2017,2,136,73,0,0,0,0,0,0,0,0
"581",2017,4,1413,392,819,0,100,8,63,182,0,0
"582",2017,5,318,92,382,0,0,76,141,0,63,0
"583",2017,6,22549,8271,8478,1392,250,3436,1904,1264,1586,238
"584",2017,8,814,230,110,83,434,57,0,0,42,0
"585",2017,9,3878,6378,1117,2728,125,940,194,437,136,59
"586",2017,10,957,126,0,104,0,0,0,0,0,0
"587",2017,11,891,152,285,0,0,0,151,0,0,0
"588",2017,12,55980,17958,14722,9884,1061,5740,3443,1889,2130,1377
"589",2017,13,6350,3655,1364,930,196,506,325,270,389,0
"590",2017,15,402,0,833,0,58,0,0,0,0,0
"591",2017,16,73,274,29,0,0,0,82,0,0,0
"592",2017,17,3556,1596,1625,0,0,410,339,402,113,0
"593",2017,18,347,337,268,0,0,663,434,0,0,0
"594",2017,19,940,0,0,0,0,0,610,0,0,0
"595",2017,20,2010,0,326,0,0,0,0,10,89,0
"596",2017,21,911,393,62,202,0,20,0,0,0,349
"597",2017,22,784,349,472,372,80,0,56,0,0,0
"598",2017,23,0,712,0,0,0,0,148,190,0,0
"599",2017,24,2501,1398,1020,441,61,402,1030,297,61,0
"600",2017,25,21509,29691,6230,12175,864,5646,1351,534,1023,1588
"601",2017,26,3116,364,311,0,0,74,1039,192,549,0
"602",2017,27,1397,841,0,70,77,253,333,0,0,0
"603",2017,28,281,120,149,0,0,0,0,0,71,0
"604",2017,29,4270,146,427,98,0,356,118,0,0,0
"605",2017,30,0,0,0,0,0,0,244,0,0,0
"606",2017,31,277,0,44,0,0,0,0,0,0,0
"607",2017,32,2201,684,457,303,0,843,0,109,120,157
"608",2017,33,574,497,528,0,0,0,0,0,0,0
"609",2017,34,10119,7761,2179,5308,541,2258,905,250,173,391
"610",2017,35,155,91,107,0,0,0,0,0,106,0
"611",2017,36,10103,3500,3477,932,496,1574,1017,1099,1271,258
"612",2017,37,2849,1419,1381,51,0,414,751,345,82,0
"613",2017,38,71,13,0,0,0,0,0,0,0,0
"614",2017,39,1827,503,645,0,210,119,0,0,28,0
"615",2017,40,680,285,253,0,27,162,42,0,0,0
"616",2017,41,859,791,262,192,0,0,207,0,70,19
"617",2017,42,4903,3631,487,984,138,81,443,387,419,0
"618",2017,44,301,253,432,147,0,0,0,0,83,0
"619",2017,45,1094,482,322,920,0,166,282,174,0,69
"620",2017,47,785,70,111,0,115,61,177,198,47,89
"621",2017,48,7701,2667,2511,224,122,1325,1260,368,557,98
"622",2017,49,2204,1439,1758,21,0,262,155,0,91,0
"623",2017,50,130,0,0,0,0,0,0,45,0,0
"624",2017,51,1117,1346,783,115,0,50,893,235,272,0
"625",2017,53,2112,2123,1028,615,0,0,0,111,836,0
"626",2017,54,110,0,0,0,0,0,16,0,0,0
"627",2017,55,640,304,25,0,0,0,0,203,0,0
"628",2017,56,0,0,56,0,0,0,0,0,0,184
"629",2018,1,1205,155,0,0,867,0,0,0,147,0
"630",2018,2,0,0,296,0,0,44,0,0,0,0
"631",2018,4,1389,853,272,78,70,0,160,117,0,78
"632",2018,5,836,13,195,0,0,115,197,0,0,0
"633",2018,6,22356,6441,5305,559,550,4286,1955,1913,1940,108
"634",2018,8,1419,125,482,0,0,120,0,166,105,90
"635",2018,9,6886,6852,1361,2992,265,1250,710,459,491,121
"636",2018,10,331,179,18,76,0,168,55,0,0,0
"637",2018,11,819,216,0,0,154,0,0,0,0,79
"638",2018,12,52781,14648,16291,7685,1324,4040,3487,3206,4298,359
"639",2018,13,4683,4790,2141,492,326,529,334,283,622,0
"640",2018,15,77,538,27,0,0,0,0,0,0,0
"641",2018,16,541,0,0,0,0,0,0,0,0,0
"642",2018,17,2548,580,1073,0,0,707,82,222,479,0
"643",2018,18,589,35,217,0,0,266,89,76,458,0
"644",2018,19,99,297,0,0,0,0,153,0,332,0
"645",2018,20,391,1114,483,0,0,456,0,0,0,0
"646",2018,21,781,0,47,0,0,119,86,0,0,0
"647",2018,22,1180,700,689,453,217,0,137,0,0,0
"648",2018,24,4128,3310,1008,878,62,651,124,537,168,0
"649",2018,25,25062,29904,5719,10289,903,5358,2289,403,1318,655
"650",2018,26,2826,229,1199,0,0,98,355,0,320,86
"651",2018,27,1115,511,359,0,0,0,467,0,0,0
"652",2018,28,548,0,225,0,0,0,32,0,0,134
"653",2018,29,640,259,445,38,496,0,165,164,0,0
"654",2018,30,150,0,0,0,0,0,0,0,0,0
"655",2018,31,0,876,0,0,0,692,106,0,0,0
"656",2018,32,1385,125,388,0,0,249,0,492,287,0
"657",2018,33,256,465,60,102,0,493,0,0,173,0
"658",2018,34,13577,8268,5538,4532,874,2127,1316,233,410,154
"659",2018,35,84,114,88,0,0,75,332,0,67,0
"660",2018,36,14086,4358,4286,1473,179,1087,1053,1767,879,269
"661",2018,37,3579,1199,794,546,87,273,415,298,562,0
"662",2018,39,1088,634,49,0,48,226,295,175,394,0
"663",2018,40,1454,765,0,0,0,0,0,0,353,0
"664",2018,41,1085,523,0,114,0,0,517,0,20,0
"665",2018,42,6068,1717,1433,1196,431,484,239,0,491,499
"666",2018,44,761,638,517,366,0,147,0,0,0,0
"667",2018,45,1544,427,137,458,0,574,69,0,0,0
"668",2018,47,970,384,156,58,0,27,334,156,164,0
"669",2018,48,12112,2868,1979,686,251,938,1068,241,509,188
"670",2018,49,3804,1727,1074,170,81,85,230,0,0,0
"671",2018,50,44,0,0,0,0,0,0,0,0,0
"672",2018,51,3345,1465,1075,153,0,225,911,461,388,83
"673",2018,53,2746,1745,706,733,0,308,88,93,456,0
"674",2018,54,129,54,74,0,0,0,0,0,0,0
"675",2018,55,1793,0,164,0,0,0,223,0,0,0
"676",2019,1,1535,0,134,13,0,45,0,128,0,0
"677",2019,2,0,0,89,158,0,0,0,0,0,20
"678",2019,4,2007,727,1074,0,0,131,352,248,226,0
"679",2019,5,748,142,0,0,0,0,0,0,0,0
"680",2019,6,22211,7288,7994,313,503,4032,2474,3216,1070,786
"681",2019,8,907,182,461,40,0,236,478,131,137,0
"682",2019,9,9063,6658,1197,2557,261,2869,568,717,450,124
"683",2019,10,196,23,27,0,0,121,45,0,0,0
"684",2019,11,1134,96,60,0,0,167,106,0,56,0
"685",2019,12,56076,13956,13733,7012,1077,3675,3082,3058,3175,432
"686",2019,13,7139,2456,1852,2140,99,574,531,189,481,48
"687",2019,15,280,208,687,0,0,0,90,52,0,0
"688",2019,16,273,43,47,0,0,40,64,0,0,0
"689",2019,17,3262,1397,720,0,0,495,439,48,85,72
"690",2019,18,1144,83,413,0,0,29,506,0,98,0
"691",2019,19,0,34,12,0,0,0,0,0,0,0
"692",2019,20,1005,942,233,317,0,166,0,117,0,0
"693",2019,21,526,47,0,75,0,102,534,0,113,0
"694",2019,22,883,286,97,0,0,0,227,36,84,0
"695",2019,23,179,396,0,0,0,0,0,0,34,0
"696",2019,24,2834,1664,428,309,177,112,359,277,0,517
"697",2019,25,26948,27183,7209,18321,1152,7244,1985,1327,2015,324
"698",2019,26,3932,114,609,162,0,280,160,259,904,0
"699",2019,27,1516,397,906,0,0,395,146,172,0,85
"700",2019,28,175,0,0,0,0,0,17,0,0,0
"701",2019,29,384,151,173,53,74,73,64,193,0,0
"702",2019,30,178,0,0,0,0,0,0,0,0,0
"703",2019,31,288,295,160,0,0,0,121,0,0,0
"704",2019,32,2340,626,1672,0,60,899,69,312,85,0
"705",2019,33,1179,1613,364,0,0,205,237,0,0,138
"706",2019,34,15681,11592,4599,5478,269,3140,915,109,533,0
"707",2019,35,71,70,39,0,0,0,74,0,0,0
"708",2019,36,15186,5128,4180,2333,387,1529,1928,1154,627,0
"709",2019,37,2405,1307,677,898,0,288,504,120,256,0
"710",2019,39,1981,1123,592,82,0,563,0,0,473,0
"711",2019,40,653,0,0,0,0,0,236,0,58,0
"712",2019,41,1553,180,0,0,0,56,304,0,0,0
"713",2019,42,6001,2533,1356,1875,86,719,584,0,140,70
"714",2019,44,974,117,366,0,0,366,142,0,271,135
"715",2019,45,2366,1029,406,902,453,291,150,46,245,0
"716",2019,47,1010,632,334,91,93,195,0,0,49,0
"717",2019,48,9509,2471,3360,0,0,372,1106,875,925,277
"718",2019,49,3884,1679,1092,282,431,122,138,193,0,0
"719",2019,50,35,0,0,0,0,0,0,0,0,0
"720",2019,51,2557,1596,577,398,89,211,472,85,50,87
"721",2019,53,2518,1879,1571,785,0,85,466,43,259,0
"722",2019,54,96,0,0,0,0,0,0,0,0,0
"723",2019,55,796,115,149,0,39,0,0,0,0,0
